{"stats":{"minecraft:crafted":{"minecraft:wooden_sword":2,"minecraft:oak_planks":24,"minecraft:furnace":1,"minecraft:cooked_mutton":8,"minecraft:iron_boots":1,"minecraft:stone_pickaxe":3,"magistuarmory:woolen_fabric":9,"minecraft:emerald":17,"minecraft:cooked_porkchop":16,"minecraft:crafting_table":3,"minecraft:spruce_planks":299,"minecraft:iron_helmet":1,"minecraft:wooden_pickaxe":1,"minecraft:stone_axe":1,"minecraft:air":0,"minecraft:iron_chestplate":1,"minecraft:stick":459,"minecraft:iron_ingot":39,"minecraft:iron_leggings":3,"minecraft:stone_sword":2,"minecraft:torch":4},"minecraft:broken":{"minecraft:stone_sword":1,"minecraft:stone_pickaxe":1,"minecraft:wooden_sword":2,"minecraft:bow":1},"minecraft:killed_by":{"minecraft:creeper":2,"minecraft:skeleton":4},"minecraft:picked_up":{"minecraft:crafting_table":10,"minecraft:chicken":3,"morevanillaarmor:obsidian_leggings":2,"minecraft:clay_ball":120,"dynamictrees:spruce_seed":18,"morevanillaarmor:nether_helmet":2,"morevanillaarmor:bone_helmet":2,"morevanillaarmor:glowstone_leggings":2,"minecraft:shield":1,"morevanillaarmor:ender_leggings":2,"morevanillaarmor:emerald_boots":2,"minecraft:string":4,"minecraft:soul_soil":2,"morevanillaarmor:emerald_leggings":2,"minecraft:netherite_sword":2,"comforts:sleeping_bag_white":1,"minecraft:spruce_planks":3,"herobrine_mod:godly_sword":3,"minecraft:sugar_cane":9,"minecraft:beef":1,"minecraft:spruce_slab":1,"morevanillaarmor:ender_boots":2,"morevanillaarmor:fiery_leggings":2,"minecraft:redstone_torch":2,"infernalexp:soul_salt_clump":3,"dynamictrees:oak_seed":2,"minecraft:smooth_quartz":1,"morevanillaarmor:fiery_helmet":2,"minecraft:furnace":8,"morevanillaarmor:nether_leggings":2,"minecraft:stick":125,"minecraft:torch":16,"minecraft:note_block":2,"minecraft:porkchop":29,"tombstone:grave_dust":8,"minecraft:redstone":3,"morevanillaarmor:coal_chestplate":2,"minecraft:stone_sword":1,"minecraft:arrow":14,"minecraft:rotten_flesh":9,"magistuarmory:woolen_fabric":9,"tombstone:essence_of_undeath":1,"comforts:hammock_black":1,"morevanillaarmor:obsidian_helmet":2,"minecraft:mutton":8,"minecraft:white_wool":7,"minecraft:cobblestone":101,"morevanillaarmor:emerald_chestplate":2,"minecraft:feather":1,"minecraft:basalt":2,"morevanillaarmor:fiery_chestplate":2,"minecraft:tripwire_hook":1,"minecraft:leather":2,"minecraft:chiseled_quartz_block":2,"minecraft:flint":2,"morevanillaarmor:emerald_helmet":2,"minecraft:oak_log":6,"minecraft:gunpowder":4,"minecraft:gray_concrete":6,"minecraft:dirt":30,"minecraft:blue_bed":5,"morevanillaarmor:lapis_boots":2,"comforts:rope_and_nail":3,"minecraft:bone":16,"minecraft:bow":3,"morevanillaarmor:bone_chestplate":2,"minecraft:wheat_seeds":3,"minecraft:warped_stem":1,"morevanillaarmor:fiery_boots":2,"minecraft:iron_ore":45,"tombstone:scroll_of_reach":1,"morevanillaarmor:ender_chestplate":2,"morevanillaarmor:bone_boots":2,"minecraft:ghast_tear":2,"minecraft:warped_fungus":4,"morevanillaarmor:lapis_helmet":2,"minecraft:sweet_berries":111,"nue:totem_of_unburning":1,"chisel:marble/raw":1,"minecraft:gravel":24,"morevanillaarmor:coal_boots":1,"morevanillaarmor:coal_helmet":2,"magistuarmory:pantyhose":1,"morevanillaarmor:coal_leggings":3,"minecraft:spruce_sapling":1,"morevanillaarmor:bone_leggings":1,"minecraft:spruce_log":80,"comforts:hammock_lime":1,"minecraft:crying_obsidian":2,"minecraft:light_gray_concrete":1,"minecraft:stone_axe":1,"minecraft:diamond":1,"dynamictrees:staff":1,"morevanillaarmor:ender_helmet":2,"minecraft:bone_meal":3,"minecraft:golden_apple":1,"minecraft:coal":107},"minecraft:mined":{"minecraft:spruce_planks":2,"minecraft:grass_block":17,"minecraft:redstone_wire":2,"minecraft:spruce_leaves":8,"minecraft:spawner":2,"dynamictrees:oak_leaves":9,"minecraft:furnace":9,"minecraft:iron_ore":46,"chisel:marble/raw":1,"dynamictrees:spruce_leaves":4,"minecraft:light_gray_concrete":1,"minecraft:stone":88,"minecraft:redstone_wall_torch":1,"minecraft:tripwire":2,"minecraft:white_wool":2,"minecraft:gray_concrete":3,"minecraft:clay":30,"minecraft:torch":1,"minecraft:chiseled_quartz_block":2,"minecraft:crafting_table":10,"minecraft:cobblestone":15,"minecraft:sugar_cane":4,"minecraft:blue_bed":4,"minecraft:wall_torch":15,"minecraft:seagrass":1,"minecraft:sweet_berry_bush":50,"minecraft:spruce_log":10,"minecraft:grass":4,"minecraft:coal_ore":59,"minecraft:gravel":26,"minecraft:smooth_quartz":3,"minecraft:dirt":13,"minecraft:tripwire_hook":1,"minecraft:fern":5},"minecraft:dropped":{"tombstone:scroll_of_reach":1,"minecraft:enchanted_book":1,"morevanillaarmor:ender_helmet":2,"minecraft:warped_stem":1,"morevanillaarmor:coal_boots":1,"minecraft:wheat_seeds":3,"minecraft:warped_fungus":4,"morevanillaarmor:fiery_boots":2,"chisel:marble/raw":1,"morevanillaarmor:bone_boots":2,"morevanillaarmor:lapis_boots":2,"minecraft:diamond":1,"morevanillaarmor:fiery_helmet":2,"morevanillaarmor:obsidian_helmet":2,"morevanillaarmor:fiery_leggings":1,"minecraft:feather":1,"herobrine_mod:notch_spawn_egg":1,"comforts:hammock_lime":1,"dynamictrees:spruce_seed":19,"minecraft:grass_block":1,"comforts:hammock_black":1,"minecraft:golden_apple":1,"minecraft:flint":2,"ironchest:copper_chest":1,"minecraft:dirt":4,"morevanillaarmor:ender_chestplate":2,"tombstone:grave_key":4,"minecraft:smooth_quartz":1,"tombstone:grave_dust":8,"netherskeletons:crying_obby_skeleton_spawn_egg":1,"comforts:rope_and_nail":3,"minecraft:bone_meal":3,"morevanillaarmor:glowstone_leggings":2,"morevanillaarmor:coal_helmet":1,"minecraft:redstone":3,"minecraft:tripwire_hook":1,"morevanillaarmor:bone_leggings":1,"ironchest:silver_chest":1,"tombstone:voodoo_poppet":1,"morevanillaarmor:fiery_chestplate":1,"minecraft:spruce_sapling":1,"minecraft:bone":1,"morevanillaarmor:coal_leggings":3,"morevanillaarmor:emerald_boots":2,"morevanillaarmor:ender_leggings":3,"infernalexp:soul_salt_clump":3,"minecraft:gravel":3,"minecraft:note_block":2,"dynamictrees:crimson_seed":1,"minecraft:stone_axe":1,"minecraft:soul_soil":2,"dynamictrees:oak_seed":2,"minecraft:chiseled_quartz_block":2,"minecraft:stone_sword":1,"magistuarmory:pantyhose":2,"minecraft:netherite_sword":2,"morevanillaarmor:bone_chestplate":1,"morevanillaarmor:nether_leggings":2,"minecraft:clay_ball":120,"magistuarmory:woolen_fabric":18,"minecraft:rotten_flesh":7,"morevanillaarmor:obsidian_leggings":2,"minecraft:oak_planks":1,"minecraft:enchanted_golden_apple":3,"morevanillaarmor:lapis_helmet":2,"morevanillaarmor:coal_chestplate":2,"chisel:basalt/raw":1,"morevanillaarmor:emerald_leggings":1,"nue:totem_of_unburning":1,"minecraft:stone":2,"minecraft:gunpowder":4,"morevanillaarmor:nether_helmet":2,"morevanillaarmor:bone_helmet":1,"byg:rocky_stone":1,"dynamictrees:staff":1,"morevanillaarmor:emerald_chestplate":2,"minecraft:redstone_torch":2,"morevanillaarmor:ender_boots":2,"comforts:sleeping_bag_white":2,"minecraft:spruce_slab":1,"minecraft:spruce_log":4,"minecraft:basalt":2,"minecraft:arrow":1,"minecraft:bow":1,"minecraft:crying_obsidian":2,"minecraft:ghast_tear":2,"morevanillaarmor:emerald_helmet":2},"minecraft:killed":{"infernalexp:blackstone_dwarf":1,"netherskeletons:skelly_ghast":1,"herobrine_mod:herobrine_literal_clone":5,"minecraft:spider":1,"netherskeletons:warped_skeleton":1,"minecraft:skeleton":27,"netherskeletons:soul_skeleton":1,"minecraft:chicken":3,"netherskeletons:basalt_skeleton":1,"minecraft:magma_cube":3,"netherskeletons:crying_obby_skeleton":2,"minecraft:pig":14,"netherskeletons:charred_skeleton":1,"netherskeletons:nether_skeleton":1,"herobrine_mod:clone":31,"minecraft:creeper":2,"minecraft:sheep":5,"minecraft:zombie":11,"minecraft:cow":1},"minecraft:custom":{"minecraft:mob_kills":110,"minecraft:interact_with_crafting_table":21,"minecraft:bell_ring":1,"minecraft:leave_game":11,"minecraft:time_since_death":55914,"minecraft:climb_one_cm":23073,"minecraft:damage_resisted":129,"minecraft:sprint_one_cm":415136,"minecraft:walk_one_cm":352787,"minecraft:drop":167,"minecraft:talked_to_villager":16,"minecraft:deaths":14,"minecraft:sneak_time":10649,"minecraft:walk_under_water_one_cm":4433,"minecraft:jump":3131,"minecraft:walk_on_water_one_cm":4509,"minecraft:interact_with_furnace":27,"minecraft:traded_with_villager":17,"minecraft:play_one_minute":247122,"minecraft:sleep_in_bed":4,"minecraft:time_since_rest":1505,"minecraft:damage_taken":35535,"minecraft:damage_absorbed":157,"minecraft:damage_dealt":94359,"minecraft:swim_one_cm":8180,"minecraft:fly_one_cm":1864471,"minecraft:open_chest":22,"minecraft:crouch_one_cm":30021,"tombstone:undead_killed":45,"minecraft:fall_one_cm":60401,"minecraft:inspect_dispenser":3},"minecraft:used":{"minecraft:netherite_sword":13,"infernalexp:spirit_eye":2,"minecraft:stone_sword":211,"minecraft:shield":2,"minecraft:stone":1,"minecraft:rotten_flesh":2,"chipped:mechanist_workbench":1,"minecraft:torch":19,"minecraft:dirt":30,"chipped:alchemy_bench":1,"infernalexp:glowsilk_bow":9,"herobrine_mod:notch_spawn_egg":1,"minecraft:milk_bucket":1,"minecraft:lava_bucket":14,"chipped:glassblower":1,"minecraft:grass_block":12,"infernalexp:ascus_bomb":1,"chipped:jack_o_lantern_11":1,"minecraft:bow":7,"minecraft:sweet_berries":13,"herobrine_mod:godly_sword":64,"minecraft:furnace":5,"comforts:sleeping_bag_white":1,"tombstone:gift":2,"minecraft:enchanted_golden_apple":2,"minecraft:cooked_beef":4,"chipped:loom_table":1,"minecraft:cooked_mutton":8,"dynamictrees:staff":1,"minecraft:stone_pickaxe":224,"minecraft:oak_planks":13,"netherskeletons:crying_obby_skeleton_spawn_egg":1,"minecraft:wooden_pickaxe":7,"minecraft:blue_bed":4,"chisel:basalt/raw":1,"minecraft:white_wool":2,"comforts:hammock_black":1,"chipped:mason_table":1,"minecraft:crafting_table":12,"ironchest:copper_chest":1,"minecraft:white_bed":1,"minecraft:gray_concrete":6,"minecraft:spruce_log":6,"chipped:botanist_workbench":1,"minecraft:light_gray_concrete":1,"additional_lights:fire_pit_l_gold_block":2,"infernalexp:shroomlight_fungus":2,"minecraft:gravel":21,"minecraft:stone_axe":20,"comforts:rope_and_nail":4,"minecraft:wooden_sword":124,"minecraft:cobblestone":75,"minecraft:cooked_porkchop":16,"ironchest:silver_chest":1,"chipped:carpenters_table":1}},"DataVersion":2586}