{"stats":{"minecraft:custom":{"minecraft:mob_kills":56,"minecraft:interact_with_crafting_table":1,"minecraft:bell_ring":1,"minecraft:leave_game":9,"minecraft:time_since_death":37351,"minecraft:climb_one_cm":19,"minecraft:damage_resisted":129,"minecraft:sprint_one_cm":109330,"minecraft:walk_one_cm":115065,"minecraft:drop":121,"minecraft:talked_to_villager":2,"minecraft:deaths":6,"minecraft:sneak_time":1655,"minecraft:walk_under_water_one_cm":890,"minecraft:jump":1022,"minecraft:walk_on_water_one_cm":558,"minecraft:play_one_minute":127188,"minecraft:sleep_in_bed":3,"minecraft:time_since_rest":7709,"minecraft:damage_taken":31537,"minecraft:damage_absorbed":157,"minecraft:damage_dealt":85254,"minecraft:fly_one_cm":1455805,"minecraft:open_chest":9,"minecraft:crouch_one_cm":305,"tombstone:undead_killed":14,"minecraft:fall_one_cm":6320},"minecraft:used":{"minecraft:netherite_sword":13,"infernalexp:spirit_eye":2,"minecraft:stone":1,"chipped:mechanist_workbench":1,"minecraft:torch":1,"minecraft:dirt":2,"chipped:alchemy_bench":1,"infernalexp:glowsilk_bow":9,"herobrine_mod:notch_spawn_egg":1,"minecraft:milk_bucket":1,"minecraft:lava_bucket":14,"chipped:glassblower":1,"minecraft:grass_block":12,"infernalexp:ascus_bomb":1,"chipped:jack_o_lantern_11":1,"herobrine_mod:godly_sword":64,"tombstone:gift":2,"comforts:sleeping_bag_white":1,"minecraft:cooked_beef":4,"minecraft:enchanted_golden_apple":2,"chipped:loom_table":1,"dynamictrees:staff":1,"netherskeletons:crying_obby_skeleton_spawn_egg":1,"chisel:basalt/raw":1,"comforts:hammock_black":1,"chipped:mason_table":1,"ironchest:copper_chest":1,"minecraft:white_bed":1,"minecraft:spruce_log":5,"chipped:botanist_workbench":1,"additional_lights:fire_pit_l_gold_block":2,"infernalexp:shroomlight_fungus":2,"comforts:rope_and_nail":4,"ironchest:silver_chest":1,"chipped:carpenters_table":1},"minecraft:dropped":{"minecraft:enchanted_book":1,"morevanillaarmor:ender_helmet":2,"minecraft:warped_stem":1,"morevanillaarmor:coal_boots":1,"minecraft:wheat_seeds":1,"minecraft:warped_fungus":4,"morevanillaarmor:fiery_boots":2,"morevanillaarmor:bone_boots":2,"morevanillaarmor:lapis_boots":2,"morevanillaarmor:fiery_helmet":2,"morevanillaarmor:obsidian_helmet":2,"morevanillaarmor:fiery_leggings":1,"herobrine_mod:notch_spawn_egg":1,"comforts:hammock_lime":1,"dynamictrees:spruce_seed":1,"comforts:hammock_black":1,"minecraft:grass_block":1,"minecraft:golden_apple":1,"ironchest:copper_chest":1,"minecraft:dirt":4,"morevanillaarmor:ender_chestplate":2,"tombstone:grave_key":2,"tombstone:grave_dust":6,"netherskeletons:crying_obby_skeleton_spawn_egg":1,"comforts:rope_and_nail":3,"minecraft:bone_meal":3,"morevanillaarmor:glowstone_leggings":2,"morevanillaarmor:coal_helmet":1,"morevanillaarmor:bone_leggings":1,"ironchest:silver_chest":1,"tombstone:voodoo_poppet":1,"minecraft:bone":1,"morevanillaarmor:coal_leggings":3,"morevanillaarmor:emerald_boots":2,"morevanillaarmor:ender_leggings":3,"morevanillaarmor:fiery_chestplate":1,"infernalexp:soul_salt_clump":3,"dynamictrees:crimson_seed":1,"minecraft:soul_soil":2,"magistuarmory:pantyhose":2,"minecraft:netherite_sword":2,"morevanillaarmor:bone_chestplate":1,"morevanillaarmor:nether_leggings":2,"minecraft:rotten_flesh":3,"morevanillaarmor:obsidian_leggings":2,"minecraft:oak_planks":1,"minecraft:enchanted_golden_apple":3,"morevanillaarmor:lapis_helmet":2,"morevanillaarmor:coal_chestplate":2,"chisel:basalt/raw":1,"morevanillaarmor:emerald_leggings":1,"nue:totem_of_unburning":1,"minecraft:stone":2,"minecraft:gunpowder":1,"morevanillaarmor:nether_helmet":2,"morevanillaarmor:bone_helmet":1,"byg:rocky_stone":1,"dynamictrees:staff":1,"morevanillaarmor:emerald_chestplate":2,"morevanillaarmor:ender_boots":2,"comforts:sleeping_bag_white":2,"minecraft:spruce_log":4,"minecraft:basalt":2,"minecraft:arrow":1,"minecraft:bow":1,"minecraft:crying_obsidian":2,"minecraft:ghast_tear":2,"morevanillaarmor:emerald_helmet":2},"minecraft:killed_by":{"minecraft:creeper":1},"minecraft:picked_up":{"morevanillaarmor:obsidian_leggings":2,"morevanillaarmor:nether_helmet":2,"morevanillaarmor:bone_helmet":2,"morevanillaarmor:glowstone_leggings":2,"morevanillaarmor:ender_leggings":2,"morevanillaarmor:emerald_boots":2,"minecraft:soul_soil":2,"morevanillaarmor:emerald_leggings":2,"minecraft:netherite_sword":2,"comforts:sleeping_bag_white":1,"herobrine_mod:godly_sword":3,"morevanillaarmor:ender_boots":2,"morevanillaarmor:fiery_leggings":2,"infernalexp:soul_salt_clump":3,"morevanillaarmor:fiery_helmet":2,"morevanillaarmor:nether_leggings":2,"tombstone:grave_dust":6,"morevanillaarmor:coal_chestplate":2,"minecraft:arrow":1,"minecraft:rotten_flesh":3,"comforts:hammock_black":1,"morevanillaarmor:obsidian_helmet":2,"morevanillaarmor:emerald_chestplate":2,"minecraft:basalt":2,"morevanillaarmor:fiery_chestplate":2,"morevanillaarmor:emerald_helmet":2,"minecraft:gunpowder":1,"minecraft:dirt":2,"morevanillaarmor:lapis_boots":2,"comforts:rope_and_nail":3,"minecraft:bone":1,"morevanillaarmor:bone_chestplate":2,"minecraft:bow":1,"minecraft:wheat_seeds":1,"minecraft:warped_stem":1,"morevanillaarmor:fiery_boots":2,"morevanillaarmor:ender_chestplate":2,"morevanillaarmor:bone_boots":2,"minecraft:ghast_tear":2,"minecraft:warped_fungus":4,"morevanillaarmor:lapis_helmet":2,"nue:totem_of_unburning":1,"morevanillaarmor:coal_boots":1,"morevanillaarmor:coal_helmet":2,"magistuarmory:pantyhose":1,"morevanillaarmor:coal_leggings":3,"morevanillaarmor:bone_leggings":1,"minecraft:spruce_log":3,"comforts:hammock_lime":1,"minecraft:crying_obsidian":2,"dynamictrees:staff":1,"morevanillaarmor:ender_helmet":2,"minecraft:bone_meal":3,"minecraft:golden_apple":1},"minecraft:killed":{"infernalexp:blackstone_dwarf":1,"netherskeletons:skelly_ghast":1,"herobrine_mod:herobrine_literal_clone":5,"minecraft:spider":1,"netherskeletons:warped_skeleton":1,"minecraft:skeleton":2,"netherskeletons:soul_skeleton":1,"netherskeletons:basalt_skeleton":1,"netherskeletons:crying_obby_skeleton":2,"netherskeletons:charred_skeleton":1,"netherskeletons:nether_skeleton":1,"herobrine_mod:clone":31,"minecraft:creeper":2,"minecraft:zombie":5},"minecraft:mined":{"dynamictrees:oak_leaves":9}},"DataVersion":2586}