{"stats":{"minecraft:used":{"byg:cika_log":7,"minecraft:chest":4,"minecraft:shield":8,"minecraft:iron_sword":172,"minecraft:stone":3,"minecraft:rotten_flesh":2,"chipped:mechanist_workbench":1,"chipped:alchemy_bench":1,"minecraft:milk_bucket":1,"minecraft:lava_bucket":14,"minecraft:grass_block":12,"chipped:jack_o_lantern_11":1,"minecraft:bow":7,"minecraft:sweet_berries":152,"herobrine_mod:godly_sword":64,"minecraft:furnace":12,"chipped:loom_table":1,"dynamictrees:spruce_seed":24,"minecraft:spruce_door":1,"dynamictrees:staff":1,"minecraft:stone_pickaxe":656,"minecraft:oak_planks":14,"netherskeletons:crying_obby_skeleton_spawn_egg":1,"minecraft:wooden_pickaxe":7,"minecraft:blue_bed":15,"minecraft:composter":1,"chisel:basalt/raw":1,"minecraft:white_wool":2,"comforts:hammock_black":1,"ironchest:copper_chest":1,"minecraft:blast_furnace":4,"minecraft:gray_concrete":6,"minecraft:light_gray_concrete":1,"minecraft:bread":33,"infernalexp:shroomlight_fungus":2,"minecraft:gravel":61,"minecraft:wooden_sword":124,"minecraft:grindstone":6,"ironchest:silver_chest":1,"chipped:carpenters_table":1,"minecraft:netherite_sword":13,"infernalexp:spirit_eye":2,"minecraft:stone_sword":280,"minecraft:spruce_planks":56,"minecraft:oak_door":1,"minecraft:torch":73,"byg:cika_sapling":13,"minecraft:dirt":53,"minecraft:anvil":1,"infernalexp:glowsilk_bow":9,"minecraft:granite":7,"herobrine_mod:notch_spawn_egg":1,"chipped:glassblower":1,"infernalexp:ascus_bomb":1,"comforts:sleeping_bag_white":1,"tombstone:gift":4,"minecraft:cooked_beef":4,"minecraft:enchanted_golden_apple":2,"minecraft:cooked_mutton":8,"minecraft:cobblestone_stairs":1,"minecraft:fletching_table":7,"minecraft:crafting_table":19,"chipped:mason_table":1,"minecraft:white_bed":1,"minecraft:spruce_log":7,"chipped:botanist_workbench":1,"minecraft:iron_pickaxe":19,"additional_lights:fire_pit_l_gold_block":2,"minecraft:stone_axe":846,"comforts:rope_and_nail":4,"minecraft:cobblestone":89,"minecraft:cooked_porkchop":16,"minecraft:smooth_stone":2},"minecraft:crafted":{"minecraft:smooth_stone":3,"minecraft:oak_planks":40,"minecraft:cooked_chicken":9,"toolbelt:pouch":1,"minecraft:stone":13,"minecraft:cooked_mutton":8,"minecraft:iron_boots":13,"minecraft:chest":3,"minecraft:emerald":221,"minecraft:cooked_porkchop":35,"minecraft:crafting_table":3,"minecraft:spruce_planks":867,"minecraft:wooden_pickaxe":1,"minecraft:iron_helmet":1,"minecraft:spruce_door":3,"minecraft:fletching_table":4,"byg:cika_planks":2568,"minecraft:iron_chestplate":1,"minecraft:stick":6789,"minecraft:iron_ingot":160,"minecraft:iron_pickaxe":1,"minecraft:iron_block":3,"minecraft:stone_sword":2,"minecraft:wooden_sword":2,"toolbelt:belt":1,"minecraft:furnace":2,"minecraft:blast_furnace":2,"minecraft:stone_pickaxe":5,"minecraft:diamond_boots":1,"magistuarmory:woolen_fabric":9,"minecraft:wheat":306,"minecraft:cooked_beef":5,"minecraft:iron_sword":1,"minecraft:stone_axe":8,"minecraft:bread":102,"minecraft:air":0,"minecraft:chainmail_boots":34,"minecraft:iron_leggings":18,"minecraft:anvil":1,"minecraft:torch":84},"minecraft:picked_up":{"morevanillaarmor:nether_helmet":2,"morevanillaarmor:bone_helmet":2,"morevanillaarmor:glowstone_leggings":2,"minecraft:oak_stairs":3,"minecraft:brewing_stand":1,"morevanillaarmor:ender_leggings":2,"minecraft:string":6,"minecraft:soul_soil":2,"minecraft:smooth_stone":10,"comforts:sleeping_bag_white":1,"minecraft:spruce_planks":55,"herobrine_mod:godly_sword":3,"morevanillaarmor:ender_boots":2,"morevanillaarmor:fiery_leggings":2,"minecraft:redstone_torch":2,"infernalexp:soul_salt_clump":3,"dynamictrees:oak_seed":2,"minecraft:smooth_quartz":1,"morevanillaarmor:fiery_helmet":2,"minecraft:furnace":12,"minecraft:stick":301,"minecraft:composter":3,"minecraft:torch":26,"byg:stripped_cika_log":1,"minecraft:porkchop":37,"tombstone:grave_dust":10,"minecraft:diorite":18,"magistuarmory:rustedcrusader_chestplate":1,"morevanillaarmor:coal_chestplate":2,"minecraft:stone_sword":3,"minecraft:rotten_flesh":24,"comforts:hammock_black":1,"magistuarmory:woolen_fabric":9,"minecraft:cobblestone":320,"minecraft:feather":12,"minecraft:andesite":14,"minecraft:chiseled_quartz_block":2,"minecraft:flint":10,"morevanillaarmor:emerald_helmet":2,"minecraft:gray_concrete":6,"minecraft:dirt":69,"minecraft:bone":26,"minecraft:bow":4,"minecraft:wheat_seeds":10,"minecraft:grindstone":6,"morevanillaarmor:fiery_boots":2,"minecraft:fletching_table":3,"tombstone:scroll_of_reach":1,"minecraft:glowstone_dust":1,"minecraft:oak_planks":3,"morevanillaarmor:ender_chestplate":2,"minecraft:ghast_tear":2,"morevanillaarmor:lapis_helmet":2,"nue:totem_of_unburning":1,"morevanillaarmor:coal_leggings":3,"byg:cika_log":648,"minecraft:light_gray_concrete":1,"minecraft:sugar":2,"minecraft:diamond":1,"magistuarmory:corruptedroundshield":1,"dynamictrees:staff":1,"minecraft:granite":14,"minecraft:bone_meal":3,"minecraft:golden_apple":1,"minecraft:emerald":58,"minecraft:oak_sapling":1,"byg:cika_sapling":23,"minecraft:crafting_table":16,"byg:soapstone":1,"morevanillaarmor:obsidian_leggings":2,"minecraft:chicken":19,"minecraft:clay_ball":120,"minecraft:brown_mushroom":1,"dynamictrees:spruce_seed":58,"minecraft:shield":1,"morevanillaarmor:emerald_boots":2,"morevanillaarmor:emerald_leggings":2,"minecraft:netherite_sword":2,"minecraft:beef":38,"minecraft:poppy":6,"minecraft:spruce_slab":1,"minecraft:sugar_cane":9,"minecraft:chest":1,"minecraft:spruce_trapdoor":13,"morevanillaarmor:nether_leggings":2,"minecraft:stone":5,"minecraft:oak_door":1,"minecraft:note_block":2,"magistuarmory:rustedkettlehat":1,"minecraft:redstone":3,"minecraft:arrow":22,"minecraft:hay_block":34,"tombstone:essence_of_undeath":1,"minecraft:gold_ingot":7,"morevanillaarmor:obsidian_helmet":2,"minecraft:mutton":29,"minecraft:white_wool":21,"morevanillaarmor:emerald_chestplate":2,"minecraft:basalt":2,"morevanillaarmor:fiery_chestplate":2,"minecraft:tripwire_hook":1,"minecraft:salmon":1,"minecraft:leather":25,"minecraft:oak_log":10,"minecraft:gunpowder":6,"minecraft:cobblestone_stairs":2,"minecraft:blue_bed":16,"byg:meadow_dirt":5,"morevanillaarmor:lapis_boots":2,"comforts:rope_and_nail":3,"byg:scoria_cobblestone":1,"morevanillaarmor:bone_chestplate":2,"minecraft:warped_stem":1,"minecraft:iron_ore":169,"minecraft:glass_bottle":2,"minecraft:iron_sword":1,"morevanillaarmor:bone_boots":2,"minecraft:warped_fungus":4,"minecraft:sweet_berries":135,"chisel:marble/raw":9,"morevanillaarmor:coal_boots":1,"morevanillaarmor:coal_helmet":2,"minecraft:gravel":64,"magistuarmory:pantyhose":1,"minecraft:spruce_sapling":1,"minecraft:blast_furnace":2,"morevanillaarmor:bone_leggings":1,"minecraft:spruce_log":223,"byg:cika_planks":45,"comforts:hammock_lime":1,"magistuarmory:rustedchainmail_leggings":1,"minecraft:crying_obsidian":2,"minecraft:spruce_door":2,"minecraft:spider_eye":4,"minecraft:stone_axe":1,"magistuarmory:rusted_bastardsword":1,"magistuarmory:rustedcrusader_boots":1,"morevanillaarmor:ender_helmet":2,"minecraft:coal":196},"minecraft:dropped":{"morevanillaarmor:ender_helmet":2,"minecraft:iron_sword":1,"minecraft:warped_stem":1,"minecraft:brown_mushroom":1,"minecraft:warped_fungus":4,"chisel:marble/raw":9,"morevanillaarmor:bone_boots":2,"morevanillaarmor:lapis_boots":2,"minecraft:diamond":1,"morevanillaarmor:fiery_helmet":2,"morevanillaarmor:obsidian_helmet":2,"morevanillaarmor:fiery_leggings":1,"magistuarmory:rustedcrusader_chestplate":1,"herobrine_mod:notch_spawn_egg":1,"dynamictrees:spruce_seed":35,"comforts:hammock_black":1,"minecraft:flint":2,"minecraft:cobblestone_stairs":1,"minecraft:dirt":19,"netherskeletons:crying_obby_skeleton_spawn_egg":1,"minecraft:bone_meal":3,"morevanillaarmor:glowstone_leggings":2,"minecraft:sugar":2,"magistuarmory:corruptedroundshield":1,"morevanillaarmor:bone_leggings":1,"byg:scoria_cobblestone":1,"magistuarmory:rustedchainmail_leggings":1,"minecraft:bone":1,"morevanillaarmor:emerald_boots":2,"morevanillaarmor:ender_leggings":3,"morevanillaarmor:fiery_chestplate":1,"infernalexp:soul_salt_clump":3,"minecraft:gravel":3,"minecraft:note_block":2,"minecraft:stone_axe":1,"dynamictrees:oak_seed":2,"minecraft:netherite_sword":2,"morevanillaarmor:bone_chestplate":1,"morevanillaarmor:nether_leggings":2,"minecraft:rotten_flesh":11,"morevanillaarmor:obsidian_leggings":2,"magistuarmory:woolen_fabric":18,"minecraft:oak_planks":1,"minecraft:enchanted_golden_apple":3,"morevanillaarmor:coal_chestplate":2,"chisel:basalt/raw":1,"morevanillaarmor:emerald_leggings":1,"nue:totem_of_unburning":1,"minecraft:poppy":6,"minecraft:gunpowder":4,"morevanillaarmor:bone_helmet":1,"byg:rocky_stone":1,"minecraft:chainmail_boots":7,"comforts:sleeping_bag_white":2,"minecraft:spruce_slab":1,"minecraft:basalt":2,"minecraft:arrow":4,"minecraft:crying_obsidian":2,"minecraft:ghast_tear":2,"tombstone:scroll_of_reach":1,"minecraft:enchanted_book":1,"minecraft:iron_ingot":1,"morevanillaarmor:coal_boots":1,"magistuarmory:rustedkettlehat":1,"minecraft:wheat_seeds":5,"morevanillaarmor:fiery_boots":2,"minecraft:feather":4,"minecraft:cobblestone":1,"byg:cika_sapling":2,"comforts:hammock_lime":1,"minecraft:granite":7,"minecraft:spruce_door":4,"byg:meadow_dirt":5,"minecraft:grass_block":1,"minecraft:golden_apple":1,"ironchest:copper_chest":1,"magistuarmory:rustedcrusader_boots":1,"morevanillaarmor:ender_chestplate":2,"minecraft:diorite":18,"tombstone:grave_key":4,"byg:soapstone":1,"minecraft:smooth_quartz":1,"tombstone:grave_dust":8,"minecraft:iron_leggings":1,"comforts:rope_and_nail":3,"byg:cika_planks":1,"morevanillaarmor:coal_helmet":1,"minecraft:smooth_stone":4,"ironchest:silver_chest":1,"minecraft:tripwire_hook":1,"tombstone:voodoo_poppet":1,"minecraft:spruce_sapling":1,"morevanillaarmor:coal_leggings":3,"minecraft:redstone":3,"dynamictrees:crimson_seed":1,"minecraft:soul_soil":2,"minecraft:stone_sword":3,"minecraft:chiseled_quartz_block":2,"magistuarmory:pantyhose":2,"minecraft:composter":2,"minecraft:clay_ball":120,"morevanillaarmor:lapis_helmet":2,"minecraft:stone":5,"morevanillaarmor:nether_helmet":2,"minecraft:spruce_trapdoor":13,"minecraft:andesite":14,"dynamictrees:staff":1,"morevanillaarmor:emerald_chestplate":2,"minecraft:redstone_torch":2,"morevanillaarmor:ender_boots":2,"minecraft:spruce_log":4,"minecraft:bow":2,"morevanillaarmor:emerald_helmet":2},"minecraft:broken":{"minecraft:stone_pickaxe":5,"minecraft:wooden_sword":2,"minecraft:stone_axe":7,"minecraft:bow":1,"minecraft:stone_sword":2},"minecraft:killed":{"minecraft:witch":2,"herobrine_mod:herobrine_literal_clone":5,"minecraft:spider":5,"minecraft:skeleton":32,"minecraft:chicken":19,"minecraft:magma_cube":3,"netherskeletons:crying_obby_skeleton":2,"minecraft:pig":19,"netherskeletons:charred_skeleton":1,"minecraft:zombie_villager":2,"minecraft:salmon":1,"netherskeletons:nether_skeleton":1,"minecraft:creeper":2,"minecraft:sheep":20,"minecraft:zombie":23,"minecraft:cow":22,"infernalexp:blackstone_dwarf":1,"netherskeletons:skelly_ghast":1,"netherskeletons:warped_skeleton":1,"netherskeletons:soul_skeleton":1,"netherskeletons:basalt_skeleton":1,"herobrine_mod:clone":31},"minecraft:custom":{"minecraft:interact_with_crafting_table":68,"minecraft:bell_ring":11,"minecraft:leave_game":15,"minecraft:time_since_death":286364,"minecraft:damage_resisted":129,"minecraft:sprint_one_cm":946640,"minecraft:drop":228,"minecraft:talked_to_villager":110,"minecraft:deaths":14,"minecraft:interact_with_brewingstand":1,"minecraft:jump":7839,"minecraft:walk_on_water_one_cm":17070,"minecraft:interact_with_furnace":93,"minecraft:traded_with_villager":284,"minecraft:interact_with_cartography_table":1,"minecraft:play_one_minute":477572,"minecraft:sleep_in_bed":18,"minecraft:damage_dealt":104087,"minecraft:crouch_one_cm":80195,"tombstone:undead_killed":64,"minecraft:inspect_dispenser":3,"minecraft:interact_with_anvil":2,"minecraft:mob_kills":196,"minecraft:climb_one_cm":23237,"minecraft:walk_one_cm":723172,"minecraft:sneak_time":30019,"minecraft:walk_under_water_one_cm":9673,"minecraft:interact_with_blast_furnace":2,"tombstone:raider_killed":2,"minecraft:time_since_rest":4279,"minecraft:damage_taken":37037,"minecraft:damage_absorbed":157,"minecraft:swim_one_cm":29071,"minecraft:fly_one_cm":2998063,"minecraft:open_chest":79,"minecraft:fall_one_cm":176469},"minecraft:killed_by":{"minecraft:creeper":2,"minecraft:skeleton":4},"minecraft:mined":{"minecraft:spruce_planks":54,"minecraft:cobblestone_stairs":2,"minecraft:brewing_stand":1,"minecraft:spruce_trapdoor":8,"minecraft:granite":7,"minecraft:grass_block":34,"minecraft:composter":3,"byg:cika_sapling":1,"minecraft:spawner":2,"minecraft:iron_ore":170,"minecraft:fletching_table":3,"minecraft:azure_bluet":1,"minecraft:oak_stairs":5,"minecraft:light_gray_concrete":1,"minecraft:tripwire":2,"minecraft:chiseled_quartz_block":2,"minecraft:clay":30,"minecraft:torch":5,"minecraft:blast_furnace":2,"minecraft:poppy":2,"minecraft:chest":1,"byg:cika_log":656,"minecraft:cobblestone":22,"minecraft:grindstone":6,"minecraft:sugar_cane":4,"minecraft:oak_planks":3,"minecraft:wall_torch":20,"minecraft:seagrass":1,"byg:soapstone":1,"byg:meadow_grass_block":4,"minecraft:grass":42,"minecraft:oak_log":4,"minecraft:beetroots":1,"minecraft:dirt":32,"minecraft:smooth_quartz":3,"minecraft:tripwire_hook":1,"minecraft:oak_leaves":5,"minecraft:oak_door":1,"byg:stripped_cika_log":1,"minecraft:redstone_wire":2,"minecraft:spruce_leaves":9,"minecraft:large_fern":1,"minecraft:hay_block":35,"dynamictrees:oak_leaves":9,"minecraft:furnace":13,"minecraft:andesite":14,"chisel:marble/raw":9,"dynamictrees:spruce_leaves":13,"minecraft:stone":301,"minecraft:white_wool":2,"minecraft:redstone_wall_torch":1,"minecraft:gray_concrete":3,"minecraft:crafting_table":16,"minecraft:diorite":18,"minecraft:blue_bed":15,"byg:scoria_stone":1,"byg:meadow_dirt":2,"minecraft:sweet_berry_bush":63,"minecraft:spruce_log":18,"byg:short_grass":7,"minecraft:grass_path":1,"minecraft:coal_ore":104,"byg:cika_leaves":311,"minecraft:gravel":74,"minecraft:fern":8}},"DataVersion":2586}