{"stats":{"minecraft:custom":{"minecraft:time_since_rest":25546,"minecraft:open_chest":3,"minecraft:play_one_minute":30278,"minecraft:crouch_one_cm":54,"minecraft:sprint_one_cm":17768,"minecraft:walk_one_cm":23976,"minecraft:deaths":1,"minecraft:sneak_time":229,"minecraft:walk_under_water_one_cm":890,"minecraft:mob_kills":1,"minecraft:drop":5,"minecraft:jump":161,"minecraft:damage_dealt":280,"minecraft:leave_game":2,"minecraft:time_since_death":26745,"minecraft:walk_on_water_one_cm":558,"minecraft:fly_one_cm":306246},"minecraft:dropped":{"minecraft:arrow":1,"minecraft:netherite_sword":1,"minecraft:golden_apple":1,"infernalexp:soul_salt_clump":2},"minecraft:used":{"minecraft:netherite_sword":3,"minecraft:milk_bucket":1},"minecraft:picked_up":{"minecraft:soul_soil":1,"minecraft:arrow":1,"minecraft:netherite_sword":1,"minecraft:golden_apple":1,"infernalexp:soul_salt_clump":3},"minecraft:killed":{"infernalexp:blackstone_dwarf":1}},"DataVersion":2586}