{"stats":{"minecraft:picked_up":{"minecraft:crafting_table":7,"byg:soapstone":1,"minecraft:redstone_block":6,"minecraft:chicken":4,"minecraft:redstone_lamp":23,"dynamictrees:spruce_seed":39,"minecraft:wooden_pickaxe":1,"minecraft:enchanted_book":1,"tombstone:grave_key":1,"minecraft:shield":1,"minecraft:string":1,"minecraft:sticky_piston":6,"minecraft:comparator":8,"minecraft:spruce_planks":13,"minecraft:beef":5,"minecraft:redstone_torch":1,"minecraft:observer":4,"minecraft:spruce_slab":2,"minecraft:poppy":5,"minecraft:smooth_quartz":16,"minecraft:sugar_cane":28,"minecraft:chest":2,"minecraft:piston":5,"minecraft:spruce_trapdoor":4,"minecraft:furnace":7,"minecraft:stick":103,"minecraft:torch":4,"minecraft:note_block":12,"minecraft:porkchop":4,"minecraft:diorite":11,"minecraft:redstone":141,"minecraft:arrow":23,"minecraft:rotten_flesh":1,"minecraft:gold_ingot":7,"byg:rocky_stone":7,"minecraft:cobblestone":350,"minecraft:feather":4,"minecraft:cooked_beef":5,"minecraft:repeater":10,"minecraft:andesite":16,"minecraft:leather":1,"minecraft:smoker":1,"minecraft:flint":6,"minecraft:lapis_lazuli":57,"minecraft:gray_concrete":7,"minecraft:blue_bed":6,"minecraft:dirt":75,"tombstone:gift":1,"byg:scoria_cobblestone":10,"minecraft:bone":31,"minecraft:stonecutter":4,"minecraft:iron_ore":24,"tombstone:scroll_of_reach":1,"minecraft:fletching_table":2,"minecraft:oak_planks":1,"minecraft:dark_oak_stairs":1,"minecraft:sweet_berries":19,"minecraft:gravel":23,"minecraft:spruce_log":91,"minecraft:gold_ore":8,"magistuarmory:rustedchainmail_leggings":2,"minecraft:light_gray_concrete":16,"minecraft:pumpkin_seeds":1,"minecraft:dispenser":5,"minecraft:diamond":1,"minecraft:stone_axe":1,"minecraft:lever":1,"magistuarmory:rustedcrusader_boots":1,"minecraft:granite":7,"minecraft:baked_potato":21,"minecraft:hopper":2,"minecraft:coal":188},"minecraft:killed":{"minecraft:skeleton":20,"minecraft:chicken":4,"minecraft:magma_cube":6,"minecraft:pig":2,"minecraft:zombie":2,"minecraft:cow":2},"minecraft:mined":{"minecraft:spruce_planks":5,"minecraft:spruce_trapdoor":4,"minecraft:granite":14,"minecraft:grass_block":18,"minecraft:redstone_wire":28,"minecraft:spruce_leaves":1,"minecraft:hopper":2,"minecraft:spawner":2,"minecraft:large_fern":2,"minecraft:redstone_ore":15,"minecraft:furnace":6,"minecraft:iron_ore":24,"minecraft:andesite":22,"minecraft:fletching_table":2,"dynamictrees:spruce_leaves":14,"minecraft:dark_oak_stairs":1,"minecraft:light_gray_concrete":10,"byg:rocky_stone":7,"minecraft:stone":460,"minecraft:spruce_slab":2,"minecraft:tripwire":2,"minecraft:redstone_block":4,"minecraft:gray_concrete":5,"minecraft:comparator":1,"minecraft:smoker":1,"minecraft:observer":2,"minecraft:chiseled_quartz_block":2,"minecraft:crafting_table":7,"minecraft:note_block":7,"minecraft:chest":2,"minecraft:cobblestone":7,"minecraft:lapis_ore":9,"minecraft:sugar_cane":14,"minecraft:oak_planks":1,"minecraft:diorite":11,"minecraft:wall_torch":4,"minecraft:blue_bed":6,"byg:soapstone":1,"minecraft:repeater":9,"byg:scoria_stone":13,"minecraft:light_gray_stained_glass":2,"minecraft:redstone_torch":1,"minecraft:sweet_berry_bush":5,"minecraft:spruce_log":15,"minecraft:coal_ore":189,"minecraft:gravel":27,"minecraft:dirt":54,"minecraft:smooth_quartz":15,"minecraft:dispenser":4,"minecraft:stonecutter":3,"minecraft:gold_ore":8,"minecraft:piston":4,"minecraft:redstone_lamp":7},"minecraft:crafted":{"minecraft:stone_pickaxe":5,"minecraft:emerald":19,"minecraft:cooked_porkchop":4,"minecraft:crafting_table":2,"minecraft:spruce_planks":376,"minecraft:wooden_pickaxe":1,"minecraft:fletching_table":2,"minecraft:stone_axe":3,"minecraft:air":0,"minecraft:shield":2,"minecraft:stick":556,"minecraft:iron_pickaxe":1,"minecraft:torch":76},"minecraft:killed_by":{"minecraft:creeper":2,"minecraft:zombie":1},"minecraft:broken":{"magistuarmory:rustedcrusader_boots":1,"minecraft:stone_pickaxe":4,"minecraft:stone_axe":2},"minecraft:custom":{"minecraft:mob_kills":41,"minecraft:interact_with_crafting_table":16,"minecraft:open_barrel":2,"minecraft:interact_with_campfire":26,"minecraft:leave_game":5,"minecraft:time_since_death":8612,"minecraft:climb_one_cm":15235,"minecraft:sprint_one_cm":501184,"minecraft:walk_one_cm":374111,"minecraft:drop":69,"minecraft:play_noteblock":8,"minecraft:talked_to_villager":23,"minecraft:deaths":3,"minecraft:sneak_time":11150,"minecraft:walk_under_water_one_cm":5746,"minecraft:jump":1477,"minecraft:walk_on_water_one_cm":18219,"minecraft:interact_with_furnace":5,"minecraft:traded_with_villager":19,"minecraft:play_one_minute":163096,"minecraft:sleep_in_bed":4,"minecraft:time_since_rest":6213,"minecraft:damage_taken":2602,"minecraft:damage_dealt":5608,"minecraft:swim_one_cm":7625,"minecraft:fly_one_cm":218280,"minecraft:open_chest":39,"minecraft:crouch_one_cm":28509,"tombstone:undead_killed":22,"minecraft:fall_one_cm":22304,"minecraft:inspect_dispenser":1},"minecraft:used":{"minecraft:redstone":3,"minecraft:poppy":5,"minecraft:chest":2,"minecraft:spruce_planks":7,"minecraft:shield":8,"minecraft:stone":2,"minecraft:torch":6,"minecraft:dirt":82,"minecraft:hopper":2,"minecraft:sweet_berries":21,"minecraft:furnace":1,"tombstone:gift":6,"minecraft:cooked_beef":5,"minecraft:observer":2,"minecraft:dark_oak_stairs":1,"minecraft:water_bucket":1,"minecraft:stone_pickaxe":646,"minecraft:baked_potato":21,"minecraft:wooden_pickaxe":22,"minecraft:stonecutter":1,"minecraft:sugar_cane":30,"minecraft:blue_bed":5,"minecraft:fletching_table":4,"minecraft:crafting_table":8,"minecraft:spruce_log":1,"minecraft:piston":2,"minecraft:light_gray_concrete":1,"minecraft:bread":11,"minecraft:iron_pickaxe":210,"minecraft:spruce_trapdoor":4,"minecraft:gravel":15,"minecraft:stone_axe":219,"minecraft:cobblestone":42,"minecraft:cooked_porkchop":4,"minecraft:andesite":1,"minecraft:bucket":1},"minecraft:dropped":{"tombstone:scroll_of_reach":1,"minecraft:iron_ingot":3,"minecraft:feather":4,"minecraft:granite":7,"dynamictrees:spruce_seed":34,"minecraft:stick":2,"minecraft:gray_concrete":7,"minecraft:diorite":11,"minecraft:smooth_quartz":14,"byg:scoria_cobblestone":4,"minecraft:blue_bed":1,"minecraft:bone":7,"minecraft:gold_ingot":14,"magistuarmory:rustedchainmail_leggings":2,"minecraft:gravel":8,"minecraft:stone_axe":1,"minecraft:sweet_berries":4,"minecraft:rotten_flesh":1,"minecraft:light_gray_concrete":2,"minecraft:pumpkin_seeds":1,"minecraft:shield":2,"byg:rocky_stone":7,"minecraft:andesite":2,"minecraft:wooden_pickaxe":1}},"DataVersion":2586}