{"stats":{"minecraft:crafted":{"minecraft:emerald":16,"minecraft:cooked_porkchop":4,"minecraft:crafting_table":1,"minecraft:spruce_planks":348,"minecraft:wooden_pickaxe":1,"minecraft:fletching_table":2,"minecraft:stone_axe":3,"minecraft:air":0,"minecraft:shield":2,"minecraft:stick":520,"minecraft:iron_pickaxe":1,"minecraft:stone_pickaxe":1},"minecraft:broken":{"minecraft:stone_pickaxe":1,"minecraft:stone_axe":2},"minecraft:killed_by":{"minecraft:creeper":2},"minecraft:picked_up":{"minecraft:crafting_table":3,"minecraft:cooked_beef":5,"minecraft:feather":4,"minecraft:repeater":10,"minecraft:redstone_block":6,"minecraft:chicken":4,"minecraft:redstone_lamp":23,"minecraft:leather":1,"dynamictrees:spruce_seed":37,"minecraft:wooden_pickaxe":1,"minecraft:smoker":1,"minecraft:flint":4,"tombstone:grave_key":1,"minecraft:shield":1,"minecraft:gray_concrete":7,"minecraft:blue_bed":6,"minecraft:dirt":40,"minecraft:string":1,"minecraft:sticky_piston":6,"minecraft:bone":24,"minecraft:stonecutter":4,"minecraft:comparator":8,"minecraft:fletching_table":2,"minecraft:redstone_torch":1,"minecraft:spruce_planks":11,"minecraft:beef":5,"minecraft:spruce_slab":2,"tombstone:scroll_of_reach":1,"minecraft:smooth_quartz":16,"minecraft:observer":4,"minecraft:poppy":5,"minecraft:spruce_trapdoor":3,"minecraft:chest":1,"minecraft:sugar_cane":8,"minecraft:piston":5,"minecraft:oak_planks":1,"minecraft:dark_oak_stairs":1,"minecraft:furnace":7,"minecraft:stick":98,"minecraft:sweet_berries":19,"minecraft:gravel":15,"minecraft:note_block":12,"minecraft:porkchop":4,"minecraft:spruce_log":84,"minecraft:redstone":72,"minecraft:light_gray_concrete":16,"minecraft:dispenser":5,"minecraft:arrow":18,"minecraft:rotten_flesh":1,"minecraft:diamond":1,"minecraft:lever":1,"minecraft:granite":1,"minecraft:baked_potato":21,"minecraft:hopper":2,"minecraft:coal":94,"minecraft:cobblestone":35},"minecraft:mined":{"minecraft:spruce_planks":2,"minecraft:redstone_block":4,"minecraft:gray_concrete":5,"minecraft:comparator":1,"minecraft:smoker":1,"minecraft:observer":2,"minecraft:chiseled_quartz_block":2,"minecraft:crafting_table":3,"minecraft:spruce_trapdoor":3,"minecraft:note_block":7,"minecraft:granite":1,"minecraft:chest":1,"minecraft:redstone_wire":27,"minecraft:hopper":2,"minecraft:cobblestone":2,"minecraft:spruce_leaves":1,"minecraft:oak_planks":1,"minecraft:sugar_cane":3,"minecraft:blue_bed":6,"minecraft:spawner":2,"minecraft:large_fern":2,"minecraft:repeater":9,"byg:scoria_stone":2,"minecraft:furnace":6,"minecraft:light_gray_stained_glass":2,"minecraft:redstone_torch":1,"minecraft:sweet_berry_bush":5,"minecraft:spruce_log":15,"minecraft:fletching_table":2,"dynamictrees:spruce_leaves":8,"minecraft:dark_oak_stairs":1,"minecraft:coal_ore":94,"minecraft:gravel":17,"minecraft:light_gray_concrete":10,"minecraft:smooth_quartz":15,"minecraft:dirt":37,"minecraft:dispenser":4,"minecraft:stonecutter":3,"minecraft:stone":33,"minecraft:piston":4,"minecraft:spruce_slab":2,"minecraft:tripwire":2,"minecraft:redstone_lamp":7},"minecraft:dropped":{"tombstone:scroll_of_reach":1,"minecraft:sweet_berries":4,"minecraft:feather":4,"minecraft:rotten_flesh":1,"minecraft:granite":1,"dynamictrees:spruce_seed":32,"minecraft:light_gray_concrete":2,"minecraft:gray_concrete":7,"minecraft:shield":2,"minecraft:smooth_quartz":14,"minecraft:wooden_pickaxe":1,"minecraft:blue_bed":1},"minecraft:killed":{"minecraft:magma_cube":6,"minecraft:pig":2,"minecraft:skeleton":15,"minecraft:zombie":2,"minecraft:chicken":4,"minecraft:cow":2},"minecraft:custom":{"minecraft:interact_with_furnace":4,"minecraft:mob_kills":36,"minecraft:traded_with_villager":16,"minecraft:interact_with_crafting_table":12,"minecraft:open_barrel":2,"minecraft:play_one_minute":105049,"minecraft:interact_with_campfire":26,"minecraft:leave_game":2,"minecraft:time_since_death":95668,"minecraft:sleep_in_bed":4,"minecraft:climb_one_cm":14288,"minecraft:time_since_rest":15109,"minecraft:sprint_one_cm":375747,"minecraft:damage_taken":2064,"minecraft:walk_one_cm":249418,"minecraft:drop":48,"minecraft:damage_dealt":4567,"minecraft:play_noteblock":8,"minecraft:talked_to_villager":20,"minecraft:swim_one_cm":7625,"minecraft:fly_one_cm":118329,"minecraft:open_chest":31,"minecraft:crouch_one_cm":20854,"tombstone:undead_killed":17,"minecraft:deaths":2,"minecraft:sneak_time":6403,"minecraft:walk_under_water_one_cm":5194,"minecraft:jump":1150,"minecraft:walk_on_water_one_cm":9179,"minecraft:fall_one_cm":17936,"minecraft:inspect_dispenser":1},"minecraft:used":{"minecraft:dark_oak_stairs":1,"minecraft:stone_pickaxe":140,"minecraft:baked_potato":21,"minecraft:poppy":5,"minecraft:chest":1,"minecraft:shield":1,"minecraft:wooden_pickaxe":22,"minecraft:stonecutter":1,"minecraft:stone":2,"minecraft:fletching_table":4,"minecraft:sugar_cane":8,"minecraft:blue_bed":5,"minecraft:dirt":58,"minecraft:crafting_table":4,"minecraft:spruce_log":1,"minecraft:light_gray_concrete":1,"minecraft:bread":11,"minecraft:iron_pickaxe":63,"minecraft:spruce_trapdoor":3,"minecraft:gravel":15,"minecraft:stone_axe":190,"minecraft:cobblestone":23,"minecraft:sweet_berries":21,"minecraft:cooked_porkchop":4,"tombstone:gift":4}},"DataVersion":2586}