{"stats":{"minecraft:custom":{"minecraft:jump":25,"minecraft:open_chest":10,"minecraft:time_since_rest":2156,"minecraft:damage_dealt":20,"minecraft:crouch_one_cm":1,"minecraft:play_one_minute":14265,"minecraft:deaths":1,"minecraft:sprint_one_cm":2423,"minecraft:walk_on_water_one_cm":402,"minecraft:time_since_death":2961,"minecraft:walk_one_cm":22749,"minecraft:sneak_time":28,"minecraft:climb_one_cm":1043,"minecraft:fly_one_cm":64681,"minecraft:leave_game":1},"minecraft:used":{"infernalexp:blindsight_tongue_whip":3,"infernalexp:blackstone_dwarf_spawn_egg":2,"infernalexp:embody_spawn_egg":1,"infernalexp:glowsilk_bow":3,"minecraft:skeleton_spawn_egg":3,"infernalexp:glowsilk_moth_spawn_egg":1},"minecraft:picked_up":{"minecraft:golden_apple":1,"minecraft:arrow":1}},"DataVersion":2586}