{"stats":{"minecraft:custom":{"minecraft:interact_with_anvil":1,"minecraft:mob_kills":20,"minecraft:interact_with_crafting_table":2,"minecraft:open_barrel":4,"minecraft:play_one_minute":106084,"minecraft:leave_game":3,"minecraft:time_since_death":24768,"minecraft:sleep_in_bed":1,"minecraft:climb_one_cm":1572,"minecraft:time_since_rest":19590,"minecraft:sprint_one_cm":22010,"minecraft:damage_taken":4001531,"minecraft:walk_one_cm":125573,"minecraft:drop":34,"minecraft:damage_dealt":113235,"tombstone:cast_on_ally":1,"minecraft:talked_to_villager":1,"minecraft:fly_one_cm":378033,"minecraft:open_chest":15,"minecraft:crouch_one_cm":190,"minecraft:deaths":4,"minecraft:sneak_time":489,"minecraft:walk_under_water_one_cm":1270,"minecraft:jump":293,"minecraft:walk_on_water_one_cm":1536,"minecraft:fall_one_cm":13808},"minecraft:crafted":{"herobrine_mod:godly_sword":1},"minecraft:used":{"chisel:futura/controller":1,"minecraft:flint_and_steel":1,"dynamictrees:staff":4,"netherskeletons:crimson_skeleton_spawn_egg":1,"netherskeletons:crying_obby_skeleton_spawn_egg":1,"chisel:futura/wavy":6,"comforts:hammock_lime":1,"netherskeletons:soul_skeleton_spawn_egg":1,"netherskeletons:warped_skeleton_spawn_egg":1,"herobrine_mod:clone_spawn_egg":1,"chipped:mechanist_workbench":1,"minecraft:oak_leaves":3,"infernalexp:blackstone_dwarf_spawn_egg":2,"netherskeletons:nether_skeleton_spawn_egg":1,"minecraft:anvil":1,"minecraft:skeleton_spawn_egg":3,"tombstone:scroll_of_feather_fall":4,"minecraft:crafting_table":1,"infernalexp:glowsilk_bow":3,"minecraft:spruce_log":10,"infernalexp:glowsilk_moth_spawn_egg":1,"netherskeletons:skelly_ghast_spawn_egg":1,"byg:holly_berries":6,"nue:nether_pearl":1,"netherskeletons:charred_skeleton_spawn_egg":1,"minecraft:lantern":1,"infernalexp:ascus_bomb":3,"minecraft:string":3,"minecraft:netherite_axe":1,"infernalexp:glow_lantern":2,"netherskeletons:basalt_skeleton_spawn_egg":1,"comforts:rope_and_nail":1,"minecraft:tripwire_hook":7,"infernalexp:embody_spawn_egg":1,"additional_lights:al_torch_stone_bricks":1,"chisel:futura/uber_wavy":2,"herobrine_mod:godly_sword":35,"infernalexp:blindsight_tongue_whip":3,"tombstone:gift":6,"magistuarmory:wood_stylet":1},"minecraft:dropped":{"morevanillaarmor:ender_helmet":1,"morevanillaarmor:coal_boots":1,"minecraft:wheat_seeds":1,"morevanillaarmor:fiery_boots":1,"morevanillaarmor:bone_boots":1,"morevanillaarmor:lapis_boots":1,"morevanillaarmor:fiery_helmet":1,"morevanillaarmor:obsidian_helmet":1,"morevanillaarmor:fiery_leggings":1,"morevanillaarmor:bone_chestplate":1,"minecraft:netherite_axe":1,"herobrine_mod:godly_sword":2,"morevanillaarmor:nether_leggings":1,"morevanillaarmor:obsidian_leggings":1,"morevanillaarmor:lapis_helmet":1,"morevanillaarmor:coal_chestplate":1,"morevanillaarmor:emerald_leggings":1,"nue:totem_of_unburning":1,"morevanillaarmor:ender_chestplate":1,"morevanillaarmor:nether_helmet":1,"morevanillaarmor:bone_helmet":1,"morevanillaarmor:emerald_chestplate":1,"morevanillaarmor:ender_boots":1,"morevanillaarmor:glowstone_leggings":1,"morevanillaarmor:coal_helmet":1,"morevanillaarmor:bone_leggings":1,"morevanillaarmor:emerald_helmet":1,"morevanillaarmor:ender_leggings":1,"morevanillaarmor:coal_leggings":3,"morevanillaarmor:emerald_boots":1,"morevanillaarmor:fiery_chestplate":1},"minecraft:picked_up":{"morevanillaarmor:emerald_chestplate":1,"morevanillaarmor:emerald_helmet":1,"morevanillaarmor:emerald_boots":1,"minecraft:string":1,"comforts:rope_and_nail":2,"minecraft:wheat_seeds":1,"comforts:sleeping_bag_white":2,"minecraft:netherite_axe":1,"byg:holly_berries":6,"minecraft:enchanted_golden_apple":3,"minecraft:ghast_tear":1,"minecraft:stone":1,"morevanillaarmor:coal_leggings":2,"tombstone:grave_dust":5,"morevanillaarmor:coal_chestplate":1,"minecraft:arrow":1,"minecraft:golden_apple":1,"infernalexp:glow_lantern":1,"byg:rocky_stone":1},"minecraft:killed":{"herobrine_mod:herobrine_literal_clone":5,"herobrine_mod:clone":7,"herobrine_mod:herobrine_stage_one":1},"minecraft:mined":{"byg:holly_berry_leaves":3,"byg:short_grass":2,"minecraft:grass":20}},"DataVersion":2586}