{"stats":{"minecraft:picked_up":{"minecraft:crafting_table":4,"minecraft:coarse_dirt":2,"minecraft:azure_bluet":1,"byg:pink_allium":1,"dynamictrees:spruce_seed":1,"minecraft:gold_block":2,"morevanillaarmor:emerald_boots":1,"minecraft:string":1,"byg:horseweed":1,"minecraft:iron_leggings":1,"comforts:sleeping_bag_white":2,"byg:holly_berries":6,"minecraft:enchanted_golden_apple":3,"minecraft:iron_boots":1,"byg:yellow_daffodil":1,"minecraft:furnace":2,"minecraft:stick":17,"minecraft:stone":1,"chisel:limestone/raw":1,"minecraft:porkchop":13,"tombstone:grave_dust":6,"byg:cattail":1,"morevanillaarmor:coal_chestplate":1,"minecraft:arrow":17,"minecraft:rotten_flesh":3,"minecraft:hay_block":18,"minecraft:white_terracotta":1,"minecraft:cobblestone":9,"byg:rocky_stone":1,"minecraft:oxeye_daisy":1,"morevanillaarmor:emerald_chestplate":1,"minecraft:cooked_beef":2,"byg:cypress_log":9,"morevanillaarmor:emerald_helmet":1,"minecraft:oak_log":28,"byg:orchard_sapling":2,"minecraft:yellow_bed":1,"minecraft:dirt":99,"byg:meadow_dirt":57,"minecraft:cooked_mutton":3,"comforts:rope_and_nail":2,"minecraft:bone":11,"minecraft:apple":14,"minecraft:bow":1,"minecraft:wheat_seeds":5,"minecraft:iron_ingot":5,"minecraft:iron_ore":5,"minecraft:netherite_axe":2,"tombstone:bag_of_seeds":1,"minecraft:oak_planks":2,"minecraft:ghast_tear":1,"minecraft:cooked_porkchop":6,"byg:azalea":1,"minecraft:sweet_berries":72,"magistuarmory:rustedchainmail_chestplate":1,"minecraft:cyan_bed":1,"minecraft:sand":3,"morevanillaarmor:coal_leggings":2,"minecraft:spruce_log":12,"magistuarmory:rustedchainmail_leggings":4,"magistuarmory:rustedgreathelm":1,"minecraft:red_terracotta":26,"minecraft:pumpkin_seeds":1,"minecraft:stone_axe":2,"magistuarmory:rustedcrusader_boots":1,"infernalexp:glow_lantern":1,"minecraft:golden_apple":1,"minecraft:coal":31},"minecraft:killed":{"herobrine_mod:herobrine_literal_clone":5,"minecraft:skeleton":7,"minecraft:pig":7,"herobrine_mod:clone":7,"minecraft:zombie":6,"herobrine_mod:herobrine_stage_one":1},"minecraft:mined":{"byg:water_silk":6,"byg:cattail":1,"minecraft:grass_block":45,"minecraft:spawner":2,"minecraft:large_fern":2,"minecraft:hay_block":18,"minecraft:furnace":2,"minecraft:iron_ore":4,"minecraft:gold_block":2,"chisel:limestone/raw":1,"minecraft:stone":6,"minecraft:crafting_table":4,"minecraft:white_stained_glass_pane":2,"minecraft:mushroom_stem":83,"minecraft:cobblestone":1,"minecraft:cyan_bed":1,"minecraft:oak_planks":2,"byg:holly_berry_leaves":3,"byg:ebony_leaves":1,"minecraft:white_terracotta":1,"minecraft:red_terracotta":26,"byg:orchard_leaves":24,"minecraft:coarse_dirt":2,"byg:meadow_dirt":8,"byg:horseweed":1,"minecraft:sweet_berry_bush":36,"minecraft:spruce_log":4,"byg:short_grass":4,"minecraft:birch_leaves":5,"minecraft:yellow_bed":1,"minecraft:oak_log":28,"minecraft:grass":32,"minecraft:coal_ore":31,"byg:azalea":1,"byg:ripe_orchard_leaves":10,"minecraft:sand":3,"minecraft:dirt":24},"minecraft:killed_by":{"minecraft:skeleton":1},"minecraft:crafted":{"minecraft:oak_planks":112,"herobrine_mod:godly_sword":1,"minecraft:glass":3,"minecraft:chest":1,"minecraft:spruce_boat":1,"minecraft:wheat":162,"minecraft:glass_bottle":3,"minecraft:cooked_porkchop":9,"minecraft:crafting_table":1,"minecraft:spruce_planks":48,"minecraft:iron_sword":1,"minecraft:stone_axe":1,"minecraft:bread":54,"minecraft:air":0,"chipped:white_wool_15":1,"minecraft:iron_chestplate":1,"minecraft:shield":1,"minecraft:stick":4,"minecraft:iron_ingot":4,"minecraft:iron_pickaxe":1,"minecraft:iron_leggings":1,"minecraft:gold_ingot":18},"minecraft:custom":{"minecraft:interact_with_anvil":1,"minecraft:mob_kills":41,"minecraft:interact_with_crafting_table":14,"minecraft:open_barrel":13,"minecraft:interact_with_campfire":11,"minecraft:leave_game":6,"minecraft:time_since_death":5253,"minecraft:climb_one_cm":15513,"minecraft:sprint_one_cm":126056,"minecraft:walk_one_cm":482921,"minecraft:drop":63,"minecraft:talked_to_villager":1,"minecraft:deaths":6,"minecraft:sneak_time":7920,"minecraft:walk_under_water_one_cm":2749,"minecraft:jump":1607,"minecraft:walk_on_water_one_cm":11322,"minecraft:interact_with_furnace":8,"minecraft:play_one_minute":251027,"minecraft:sleep_in_bed":5,"minecraft:time_since_rest":4025,"minecraft:damage_taken":4003218,"minecraft:damage_dealt":116848,"tombstone:cast_on_ally":1,"minecraft:swim_one_cm":6435,"minecraft:fly_one_cm":548007,"minecraft:open_chest":45,"minecraft:crouch_one_cm":12999,"tombstone:undead_killed":13,"minecraft:fall_one_cm":39133},"minecraft:used":{"minecraft:light_blue_banner":1,"chisel:futura/controller":1,"minecraft:flint_and_steel":1,"byg:cattail":1,"chisel:limestone/raw":1,"chisel:futura/wavy":6,"minecraft:chest":1,"minecraft:shield":35,"minecraft:white_terracotta":1,"minecraft:iron_sword":47,"netherskeletons:warped_skeleton_spawn_egg":1,"chipped:mechanist_workbench":1,"minecraft:torch":4,"netherskeletons:nether_skeleton_spawn_egg":1,"minecraft:dirt":54,"minecraft:anvil":1,"minecraft:skeleton_spawn_egg":3,"byg:azalea":1,"infernalexp:glowsilk_bow":3,"byg:holly_berries":6,"netherskeletons:charred_skeleton_spawn_egg":1,"minecraft:lantern":1,"infernalexp:ascus_bomb":3,"netherskeletons:basalt_skeleton_spawn_egg":1,"minecraft:tripwire_hook":7,"infernalexp:embody_spawn_egg":1,"herobrine_mod:godly_sword":35,"minecraft:sweet_berries":91,"minecraft:furnace":1,"infernalexp:blindsight_tongue_whip":3,"tombstone:gift":11,"minecraft:cooked_beef":2,"magistuarmory:wood_stylet":1,"chipped:loom_table":2,"dynamictrees:staff":4,"netherskeletons:crimson_skeleton_spawn_egg":1,"minecraft:glass_bottle":4,"minecraft:baked_potato":1,"minecraft:oak_planks":86,"netherskeletons:crying_obby_skeleton_spawn_egg":1,"netherskeletons:soul_skeleton_spawn_egg":1,"comforts:hammock_lime":1,"herobrine_mod:clone_spawn_egg":1,"minecraft:oak_leaves":3,"infernalexp:blackstone_dwarf_spawn_egg":2,"byg:horseweed":1,"tombstone:scroll_of_feather_fall":4,"minecraft:crafting_table":6,"chipped:mason_table":1,"byg:yellow_daffodil":1,"minecraft:lingering_potion":3,"infernalexp:glowsilk_moth_spawn_egg":1,"minecraft:spruce_log":10,"netherskeletons:skelly_ghast_spawn_egg":1,"byg:meadow_dirt":41,"tombstone:bag_of_seeds":2,"minecraft:apple":5,"nue:nether_pearl":1,"minecraft:cyan_bed":1,"minecraft:string":3,"minecraft:iron_pickaxe":151,"minecraft:netherite_axe":1,"byg:pink_allium":1,"minecraft:red_terracotta":26,"chipped:white_wool_15":1,"tombstone:grave_key":5,"byg:orchard_sapling":1,"minecraft:stone_axe":88,"infernalexp:glow_lantern":2,"comforts:rope_and_nail":1,"minecraft:potion":2,"additional_lights:al_torch_stone_bricks":1,"chisel:futura/uber_wavy":2,"minecraft:cooked_porkchop":1,"minecraft:coarse_dirt":2},"minecraft:dropped":{"morevanillaarmor:ender_helmet":1,"morevanillaarmor:coal_boots":1,"minecraft:wheat_seeds":8,"morevanillaarmor:fiery_boots":1,"morevanillaarmor:bone_boots":1,"morevanillaarmor:lapis_boots":1,"minecraft:glass_bottle":1,"morevanillaarmor:fiery_helmet":1,"morevanillaarmor:obsidian_helmet":1,"morevanillaarmor:fiery_leggings":1,"minecraft:netherite_axe":2,"minecraft:cobblestone":2,"dynamictrees:spruce_seed":1,"magistuarmory:rustedgreathelm":1,"minecraft:oxeye_daisy":1,"magistuarmory:rustedcrusader_boots":1,"byg:orchard_sapling":1,"morevanillaarmor:ender_chestplate":1,"minecraft:potion":2,"morevanillaarmor:glowstone_leggings":1,"morevanillaarmor:coal_helmet":1,"morevanillaarmor:bone_leggings":1,"magistuarmory:rustedchainmail_leggings":4,"morevanillaarmor:coal_leggings":3,"morevanillaarmor:emerald_boots":1,"morevanillaarmor:ender_leggings":1,"morevanillaarmor:fiery_chestplate":1,"minecraft:stone_axe":2,"morevanillaarmor:bone_chestplate":1,"herobrine_mod:godly_sword":2,"morevanillaarmor:nether_leggings":1,"minecraft:rotten_flesh":3,"morevanillaarmor:obsidian_leggings":1,"minecraft:iron_boots":1,"morevanillaarmor:lapis_helmet":1,"morevanillaarmor:coal_chestplate":1,"minecraft:azure_bluet":1,"morevanillaarmor:emerald_leggings":1,"minecraft:pumpkin_seeds":3,"nue:totem_of_unburning":1,"morevanillaarmor:nether_helmet":1,"morevanillaarmor:bone_helmet":1,"morevanillaarmor:emerald_chestplate":1,"morevanillaarmor:ender_boots":1,"morevanillaarmor:emerald_helmet":1}},"DataVersion":2586}