{
  "morevanillaarmor:recipes/morevanillaarmor/ender_leggings": {
    "criteria": {
      "already_crafted": "2024-05-18 22:40:54 +0000"
    },
    "done": true
  },
  "comforts:sleeping_bag_green_from_white": {
    "criteria": {
      "has_sleeping_bag": "2024-05-18 22:50:07 +0000"
    },
    "done": true
  },
  "morevanillaarmor:recipes/morevanillaarmor/glowstone_leggings": {
    "criteria": {
      "already_crafted": "2024-05-18 22:40:58 +0000"
    },
    "done": true
  },
  "minecraft:nether/obtain_crying_obsidian": {
    "criteria": {
      "crying_obsidian": "2024-05-18 22:58:55 +0000"
    },
    "done": true
  },
  "minecraft:recipes/building_blocks/stone_bricks": {
    "criteria": {
      "has_stone": "2024-05-18 23:21:29 +0000"
    },
    "done": true
  },
  "minecraft:recipes/building_blocks/stone_bricks_from_stone_stonecutting": {
    "criteria": {
      "has_stone": "2024-05-18 23:21:29 +0000"
    },
    "done": true
  },
  "dungeons_arise:find_small_blimp": {
    "criteria": {
      "location0": "2024-05-18 23:53:04 +0000"
    },
    "done": true
  },
  "comforts:sleeping_bag_lime_from_white": {
    "criteria": {
      "has_sleeping_bag": "2024-05-18 22:50:07 +0000"
    },
    "done": true
  },
  "tombstone:adventure/ashes_and_bones": {
    "criteria": {
      "coded_trigger": "2024-05-18 23:01:25 +0000"
    },
    "done": true
  },
  "tombstone:recipes/from_voodoo_poppets": {
    "criteria": {
      "has_ingredient": "2024-05-18 23:42:46 +0000"
    },
    "done": true
  },
  "morevanillaarmor:recipes/morevanillaarmor/lapis_boots": {
    "criteria": {
      "already_crafted": "2024-05-18 22:41:00 +0000"
    },
    "done": true
  },
  "morevanillaarmor:recipes/morevanillaarmor/bone_chestplate": {
    "criteria": {
      "already_crafted": "2024-05-18 22:40:48 +0000"
    },
    "done": true
  },
  "comforts:sleeping_bag_black_from_white": {
    "criteria": {
      "has_sleeping_bag": "2024-05-18 22:50:07 +0000"
    },
    "done": true
  },
  "morevanillaarmor:recipes/morevanillaarmor/fiery_helmet": {
    "criteria": {
      "already_crafted": "2024-05-18 22:40:55 +0000"
    },
    "done": true
  },
  "minecraft:recipes/decorations/crafting_table": {
    "criteria": {
      "has_planks": "2024-05-18 22:31:30 +0000"
    },
    "done": true
  },
  "morevanillaarmor:recipes/morevanillaarmor/obsidian_leggings": {
    "criteria": {
      "already_crafted": "2024-05-18 22:41:03 +0000"
    },
    "done": true
  },
  "minecraft:recipes/building_blocks/smooth_stone": {
    "criteria": {
      "has_stone": "2024-05-18 23:21:29 +0000"
    },
    "done": true
  },
  "infernalexp:recipes/food/blindsight_tounge_stew": {
    "criteria": {
      "has_warped_fungus": "2024-05-18 22:58:06 +0000"
    },
    "done": true
  },
  "minecraft:recipes/decorations/chest": {
    "criteria": {
      "has_lots_of_items": "2024-05-18 22:40:50 +0000"
    },
    "done": true
  },
  "morevanillaarmor:recipes/morevanillaarmor/coal_helmet": {
    "criteria": {
      "already_crafted": "2024-05-18 22:40:49 +0000"
    },
    "done": true
  },
  "minecraft:recipes/building_blocks/stone_slab_from_stone_stonecutting": {
    "criteria": {
      "has_stone": "2024-05-18 23:21:29 +0000"
    },
    "done": true
  },
  "minecraft:recipes/building_blocks/chiseled_stone_bricks_stone_from_stonecutting": {
    "criteria": {
      "has_stone": "2024-05-18 23:21:29 +0000"
    },
    "done": true
  },
  "minecraft:recipes/decorations/black_bed_from_white_bed": {
    "criteria": {
      "has_bed": "2024-05-18 23:58:03 +0000"
    },
    "done": true
  },
  "ironchest:recipes/ironchest/chests/vanilla_dirt_chest": {
    "criteria": {
      "has_iron_ingot": "2024-05-18 22:38:25 +0000"
    },
    "done": true
  },
  "minecraft:recipes/misc/white_dye": {
    "criteria": {
      "has_bone_meal": "2024-05-18 22:58:06 +0000"
    },
    "done": true
  },
  "minecraft:recipes/misc/stick": {
    "criteria": {
      "has_planks": "2024-05-18 22:31:30 +0000"
    },
    "done": true
  },
  "morevanillaarmor:recipes/morevanillaarmor/bone_boots": {
    "criteria": {
      "already_crafted": "2024-05-18 22:40:48 +0000"
    },
    "done": true
  },
  "minecraft:recipes/building_blocks/stone_slab": {
    "criteria": {
      "has_stone": "2024-05-18 23:21:29 +0000"
    },
    "done": true
  },
  "minecraft:recipes/building_blocks/spruce_wood": {
    "criteria": {
      "has_log": "2024-05-18 23:38:31 +0000"
    },
    "done": true
  },
  "morevanillaarmor:recipes/morevanillaarmor/emerald_boots": {
    "criteria": {
      "already_crafted": "2024-05-18 22:40:52 +0000"
    },
    "done": true
  },
  "minecraft:recipes/building_blocks/stone_brick_slab_from_stone_stonecutting": {
    "criteria": {
      "has_stone": "2024-05-18 23:21:29 +0000"
    },
    "done": true
  },
  "tombstone:adventure/cancel_ghostly_shape": {
    "criteria": {
      "coded_trigger": "2024-05-18 23:27:20 +0000"
    },
    "done": true
  },
  "minecraft:recipes/transportation/spruce_boat": {
    "criteria": {
      "in_water": "2024-05-18 22:31:17 +0000"
    },
    "done": true
  },
  "morevanillaarmor:recipes/morevanillaarmor/coal_leggings": {
    "criteria": {
      "already_crafted": "2024-05-18 22:40:50 +0000"
    },
    "done": true
  },
  "dungeons_arise:find_abandoned_temple": {
    "criteria": {
      "location0": "2024-05-18 22:28:43 +0000"
    },
    "done": true
  },
  "minecraft:recipes/redstone/dispenser": {
    "criteria": {
      "has_bow": "2024-05-18 22:58:08 +0000"
    },
    "done": true
  },
  "comforts:sleeping_bag_purple_from_white": {
    "criteria": {
      "has_sleeping_bag": "2024-05-18 22:50:07 +0000"
    },
    "done": true
  },
  "tombstone:adventure/root": {
    "criteria": {
      "auto": "2024-05-18 20:52:41 +0000"
    },
    "done": true
  },
  "morevanillaarmor:recipes/morevanillaarmor/bone_leggings": {
    "criteria": {
      "already_crafted": "2024-05-18 22:40:48 +0000"
    },
    "done": true
  },
  "tombstone:adventure/find_grave_dust": {
    "criteria": {
      "from_undead": "2024-05-18 22:58:07 +0000"
    },
    "done": true
  },
  "minecraft:husbandry/balanced_diet": {
    "criteria": {
      "cooked_beef": "2024-05-18 22:57:37 +0000",
      "enchanted_golden_apple": "2024-05-18 22:57:23 +0000"
    },
    "done": false
  },
  "tombstone:recipes/from_grave_key": {
    "criteria": {
      "has_ingredient": "2024-05-18 22:42:42 +0000"
    },
    "done": true
  },
  "comforts:sleeping_bag_orange_from_white": {
    "criteria": {
      "has_sleeping_bag": "2024-05-18 22:50:07 +0000"
    },
    "done": true
  },
  "minecraft:recipes/decorations/respawn_anchor": {
    "criteria": {
      "has_obsidian": "2024-05-18 22:58:55 +0000"
    },
    "done": true
  },
  "dungeons_arise:find_small_prairie_house": {
    "criteria": {
      "location0": "2024-05-18 23:09:13 +0000"
    },
    "done": true
  },
  "comforts:sleeping_bag_blue_from_white": {
    "criteria": {
      "has_sleeping_bag": "2024-05-18 22:50:07 +0000"
    },
    "done": true
  },
  "minecraft:recipes/redstone/oak_pressure_plate": {
    "criteria": {
      "has_planks": "2024-05-18 22:31:30 +0000"
    },
    "done": true
  },
  "minecraft:recipes/building_blocks/warped_hyphae": {
    "criteria": {
      "has_log": "2024-05-18 22:58:06 +0000"
    },
    "done": true
  },
  "morevanillaarmor:recipes/morevanillaarmor/ender_helmet": {
    "criteria": {
      "already_crafted": "2024-05-18 22:40:53 +0000"
    },
    "done": true
  },
  "minecraft:recipes/misc/bone_meal": {
    "criteria": {
      "has_bone": "2024-05-18 22:58:30 +0000"
    },
    "done": true
  },
  "morevanillaarmor:recipes/morevanillaarmor/emerald_helmet": {
    "criteria": {
      "already_crafted": "2024-05-18 22:40:50 +0000"
    },
    "done": true
  },
  "morevanillaarmor:recipes/morevanillaarmor/nether_helmet": {
    "criteria": {
      "already_crafted": "2024-05-18 22:41:00 +0000"
    },
    "done": true
  },
  "comforts:sleeping_bag_brown_from_white": {
    "criteria": {
      "has_sleeping_bag": "2024-05-18 22:50:07 +0000"
    },
    "done": true
  },
  "minecraft:recipes/decorations/yellow_bed_from_white_bed": {
    "criteria": {
      "has_bed": "2024-05-18 23:58:03 +0000"
    },
    "done": true
  },
  "morevanillaarmor:recipes/morevanillaarmor/bone_helmet": {
    "criteria": {
      "already_crafted": "2024-05-18 22:40:47 +0000"
    },
    "done": true
  },
  "dungeons_arise:find_monasteries": {
    "criteria": {
      "location0": "2024-05-18 23:11:02 +0000"
    },
    "done": true
  },
  "minecraft:recipes/building_blocks/polished_basalt": {
    "criteria": {
      "has_basalt": "2024-05-18 22:58:08 +0000"
    },
    "done": true
  },
  "tombstone:adventure/first_grave": {
    "criteria": {
      "coded_trigger": "2024-05-18 22:42:40 +0000"
    },
    "done": true
  },
  "comforts:sleeping_bag_light_blue_from_white": {
    "criteria": {
      "has_sleeping_bag": "2024-05-18 22:50:07 +0000"
    },
    "done": true
  },
  "minecraft:recipes/redstone/stone_button": {
    "criteria": {
      "has_stone": "2024-05-18 23:21:29 +0000"
    },
    "done": true
  },
  "morevanillaarmor:recipes/morevanillaarmor/emerald_chestplate": {
    "criteria": {
      "already_crafted": "2024-05-18 22:40:51 +0000"
    },
    "done": true
  },
  "tombstone:adventure/create_voodoo_poppet": {
    "criteria": {
      "has_voodoo_poppet": "2024-05-18 23:42:46 +0000"
    },
    "done": true
  },
  "minecraft:recipes/decorations/oak_sign": {
    "criteria": {
      "has_oak_planks": "2024-05-18 22:31:30 +0000"
    },
    "done": true
  },
  "minecraft:recipes/redstone/oak_trapdoor": {
    "criteria": {
      "has_planks": "2024-05-18 22:31:30 +0000"
    },
    "done": true
  },
  "morevanillaarmor:recipes/morevanillaarmor/fiery_leggings": {
    "criteria": {
      "already_crafted": "2024-05-18 22:40:56 +0000"
    },
    "done": true
  },
  "minecraft:recipes/building_blocks/warped_planks": {
    "criteria": {
      "has_logs": "2024-05-18 22:58:06 +0000"
    },
    "done": true
  },
  "minecraft:recipes/decorations/light_blue_bed_from_white_bed": {
    "criteria": {
      "has_bed": "2024-05-18 23:58:03 +0000"
    },
    "done": true
  },
  "minecraft:recipes/redstone/oak_fence_gate": {
    "criteria": {
      "has_planks": "2024-05-18 22:31:30 +0000"
    },
    "done": true
  },
  "minecraft:recipes/redstone/tnt": {
    "criteria": {
      "has_gunpowder": "2024-05-18 22:53:44 +0000"
    },
    "done": true
  },
  "comforts:sleeping_bag_red_from_white": {
    "criteria": {
      "has_sleeping_bag": "2024-05-18 22:50:07 +0000"
    },
    "done": true
  },
  "minecraft:adventure/kill_a_mob": {
    "criteria": {
      "minecraft:creeper": "2024-05-18 22:53:40 +0000"
    },
    "done": true
  },
  "minecraft:recipes/building_blocks/stone_stairs_from_stone_stonecutting": {
    "criteria": {
      "has_stone": "2024-05-18 23:21:29 +0000"
    },
    "done": true
  },
  "minecraft:recipes/decorations/magenta_bed_from_white_bed": {
    "criteria": {
      "has_bed": "2024-05-18 23:58:02 +0000"
    },
    "done": true
  },
  "minecraft:recipes/redstone/oak_button": {
    "criteria": {
      "has_planks": "2024-05-18 22:31:30 +0000"
    },
    "done": true
  },
  "morevanillaarmor:recipes/morevanillaarmor/emerald_leggings": {
    "criteria": {
      "already_crafted": "2024-05-18 22:40:52 +0000"
    },
    "done": true
  },
  "minecraft:recipes/decorations/orange_bed_from_white_bed": {
    "criteria": {
      "has_bed": "2024-05-18 23:58:03 +0000"
    },
    "done": true
  },
  "comforts:sleeping_bag_magenta_from_white": {
    "criteria": {
      "has_sleeping_bag": "2024-05-18 22:50:07 +0000"
    },
    "done": true
  },
  "tombstone:recipes/from_grave_dust": {
    "criteria": {
      "has_ingredient": "2024-05-18 22:58:08 +0000"
    },
    "done": true
  },
  "minecraft:recipes/decorations/stonecutter": {
    "criteria": {
      "has_stone": "2024-05-18 23:21:29 +0000"
    },
    "done": true
  },
  "minecraft:adventure/adventuring_time": {
    "criteria": {
      "minecraft:jungle_edge": "2024-05-18 23:52:01 +0000",
      "minecraft:snowy_mountains": "2024-05-18 23:17:41 +0000",
      "minecraft:mountains": "2024-05-18 22:27:06 +0000",
      "minecraft:forest": "2024-05-18 23:50:38 +0000",
      "minecraft:taiga": "2024-05-18 20:52:41 +0000",
      "minecraft:giant_tree_taiga": "2024-05-18 22:28:38 +0000",
      "minecraft:snowy_tundra": "2024-05-18 23:17:21 +0000",
      "minecraft:taiga_hills": "2024-05-18 20:55:06 +0000",
      "minecraft:desert": "2024-05-18 23:52:44 +0000",
      "minecraft:frozen_river": "2024-05-18 23:19:46 +0000",
      "minecraft:jungle": "2024-05-18 23:52:02 +0000",
      "minecraft:jungle_hills": "2024-05-18 23:52:39 +0000",
      "minecraft:badlands": "2024-05-18 23:52:49 +0000",
      "minecraft:beach": "2024-05-18 23:50:40 +0000",
      "minecraft:dark_forest": "2024-05-18 23:53:35 +0000",
      "minecraft:river": "2024-05-18 20:55:05 +0000",
      "minecraft:stone_shore": "2024-05-18 23:51:37 +0000",
      "minecraft:wooded_badlands_plateau": "2024-05-18 23:52:51 +0000",
      "minecraft:plains": "2024-05-18 23:25:47 +0000"
    },
    "done": false
  },
  "minecraft:adventure/sleep_in_bed": {
    "criteria": {
      "slept_in_bed": "2024-05-18 22:50:17 +0000"
    },
    "done": true
  },
  "minecraft:recipes/misc/charcoal": {
    "criteria": {
      "has_log": "2024-05-18 23:38:31 +0000"
    },
    "done": true
  },
  "minecraft:recipes/decorations/purple_bed_from_white_bed": {
    "criteria": {
      "has_bed": "2024-05-18 23:58:03 +0000"
    },
    "done": true
  },
  "minecraft:recipes/building_blocks/spruce_planks": {
    "criteria": {
      "has_logs": "2024-05-18 23:38:31 +0000"
    },
    "done": true
  },
  "morevanillaarmor:recipes/morevanillaarmor/fiery_boots": {
    "criteria": {
      "already_crafted": "2024-05-18 22:40:57 +0000"
    },
    "done": true
  },
  "comforts:sleeping_bag_gray_from_white": {
    "criteria": {
      "has_the_recipe": "2024-05-18 22:50:07 +0000",
      "has_sleeping_bag": "2024-05-18 22:50:07 +0000"
    },
    "done": true
  },
  "infernalexp:recipes/food/cured_jerky": {
    "criteria": {
      "has_soul_salt_clump": "2024-05-18 22:33:46 +0000"
    },
    "done": true
  },
  "minecraft:story/lava_bucket": {
    "criteria": {
      "lava_bucket": "2024-05-18 23:21:02 +0000"
    },
    "done": true
  },
  "tombstone:adventure/find_easter_egg": {
    "criteria": {
      "coded_trigger": "2024-05-18 22:13:47 +0000"
    },
    "done": true
  },
  "minecraft:husbandry/root": {
    "criteria": {
      "consumed_item": "2024-05-18 22:13:49 +0000"
    },
    "done": true
  },
  "minecraft:recipes/transportation/birch_boat": {
    "criteria": {
      "in_water": "2024-05-18 22:31:17 +0000"
    },
    "done": true
  },
  "infernalexp:recipes/redstone/basalt_button": {
    "criteria": {
      "has_basalt": "2024-05-18 22:58:08 +0000"
    },
    "done": true
  },
  "tombstone:adventure/eat_easter_egg_food": {
    "criteria": {
      "coded_trigger": "2024-05-18 22:13:49 +0000"
    },
    "done": true
  },
  "minecraft:recipes/building_blocks/oak_stairs": {
    "criteria": {
      "has_planks": "2024-05-18 22:31:30 +0000"
    },
    "done": true
  },
  "minecraft:recipes/decorations/barrel": {
    "criteria": {
      "has_planks": "2024-05-18 22:31:30 +0000"
    },
    "done": true
  },
  "minecraft:recipes/transportation/acacia_boat": {
    "criteria": {
      "in_water": "2024-05-18 22:31:17 +0000"
    },
    "done": true
  },
  "morevanillaarmor:recipes/morevanillaarmor/obsidian_helmet": {
    "criteria": {
      "already_crafted": "2024-05-18 22:41:02 +0000"
    },
    "done": true
  },
  "minecraft:recipes/redstone/oak_door": {
    "criteria": {
      "has_planks": "2024-05-18 22:31:30 +0000"
    },
    "done": true
  },
  "minecraft:recipes/decorations/cyan_bed_from_white_bed": {
    "criteria": {
      "has_bed": "2024-05-18 23:58:03 +0000"
    },
    "done": true
  },
  "minecraft:adventure/root": {
    "criteria": {
      "killed_something": "2024-05-18 22:34:32 +0000"
    },
    "done": true
  },
  "minecraft:recipes/redstone/stone_pressure_plate": {
    "criteria": {
      "has_stone": "2024-05-18 23:21:29 +0000"
    },
    "done": true
  },
  "minecraft:recipes/building_blocks/polished_basalt_from_basalt_stonecutting": {
    "criteria": {
      "has_basalt": "2024-05-18 22:58:08 +0000"
    },
    "done": true
  },
  "minecraft:recipes/transportation/jungle_boat": {
    "criteria": {
      "in_water": "2024-05-18 22:31:17 +0000"
    },
    "done": true
  },
  "comforts:sleeping_bag_pink_from_white": {
    "criteria": {
      "has_sleeping_bag": "2024-05-18 22:50:07 +0000"
    },
    "done": true
  },
  "minecraft:recipes/decorations/stone_brick_walls_from_stone_stonecutting": {
    "criteria": {
      "has_stone": "2024-05-18 23:21:29 +0000"
    },
    "done": true
  },
  "minecraft:recipes/decorations/gray_bed_from_white_bed": {
    "criteria": {
      "has_bed": "2024-05-18 23:58:03 +0000"
    },
    "done": true
  },
  "minecraft:recipes/building_blocks/stone_brick_stairs_from_stone_stonecutting": {
    "criteria": {
      "has_stone": "2024-05-18 23:21:29 +0000"
    },
    "done": true
  },
  "minecraft:recipes/decorations/lime_bed_from_white_bed": {
    "criteria": {
      "has_bed": "2024-05-18 23:58:03 +0000"
    },
    "done": true
  },
  "comforts:sleeping_bag_yellow_from_white": {
    "criteria": {
      "has_sleeping_bag": "2024-05-18 22:50:07 +0000"
    },
    "done": true
  },
  "minecraft:recipes/transportation/dark_oak_boat": {
    "criteria": {
      "in_water": "2024-05-18 22:31:17 +0000"
    },
    "done": true
  },
  "minecraft:adventure/kill_all_mobs": {
    "criteria": {
      "minecraft:skeleton": "2024-05-18 23:00:22 +0000",
      "minecraft:spider": "2024-05-18 23:01:25 +0000",
      "minecraft:creeper": "2024-05-18 22:53:40 +0000",
      "minecraft:zombie": "2024-05-18 22:53:43 +0000"
    },
    "done": false
  },
  "minecraft:recipes/decorations/green_bed_from_white_bed": {
    "criteria": {
      "has_bed": "2024-05-18 23:58:03 +0000"
    },
    "done": true
  },
  "minecraft:recipes/decorations/brown_bed_from_white_bed": {
    "criteria": {
      "has_bed": "2024-05-18 23:58:03 +0000"
    },
    "done": true
  },
  "dungeons_arise:wda_root": {
    "criteria": {
      "WDA": "2024-05-18 20:52:41 +0000"
    },
    "done": true
  },
  "morevanillaarmor:recipes/morevanillaarmor/lapis_helmet": {
    "criteria": {
      "already_crafted": "2024-05-18 22:40:58 +0000"
    },
    "done": true
  },
  "minecraft:recipes/transportation/warped_fungus_on_a_stick": {
    "criteria": {
      "has_warped_fungus": "2024-05-18 22:58:06 +0000"
    },
    "done": true
  },
  "minecraft:recipes/misc/mojang_banner_pattern": {
    "criteria": {
      "has_enchanted_golden_apple": "2024-05-18 22:57:19 +0000"
    },
    "done": true
  },
  "minecraft:recipes/decorations/pink_bed_from_white_bed": {
    "criteria": {
      "has_bed": "2024-05-18 23:58:03 +0000"
    },
    "done": true
  },
  "minecraft:recipes/building_blocks/stone_stairs": {
    "criteria": {
      "has_stone": "2024-05-18 23:21:29 +0000"
    },
    "done": true
  },
  "morevanillaarmor:recipes/morevanillaarmor/fiery_chestplate": {
    "criteria": {
      "already_crafted": "2024-05-18 22:40:55 +0000"
    },
    "done": true
  },
  "comforts:sleeping_bag_cyan_from_white": {
    "criteria": {
      "has_the_recipe": "2024-05-18 22:50:07 +0000",
      "has_sleeping_bag": "2024-05-18 22:50:07 +0000"
    },
    "done": true
  },
  "morevanillaarmor:recipes/morevanillaarmor/nether_leggings": {
    "criteria": {
      "already_crafted": "2024-05-18 22:41:02 +0000"
    },
    "done": true
  },
  "comforts:sleeping_bag_light_gray_from_white": {
    "criteria": {
      "has_sleeping_bag": "2024-05-18 22:50:07 +0000"
    },
    "done": true
  },
  "morevanillaarmor:recipes/morevanillaarmor/ender_chestplate": {
    "criteria": {
      "already_crafted": "2024-05-18 22:40:53 +0000"
    },
    "done": true
  },
  "tombstone:adventure/first_knowledge": {
    "criteria": {
      "coded_trigger": "2024-05-18 22:13:49 +0000"
    },
    "done": true
  },
  "minecraft:recipes/decorations/red_bed_from_white_bed": {
    "criteria": {
      "has_bed": "2024-05-18 23:58:03 +0000"
    },
    "done": true
  },
  "minecraft:recipes/decorations/oak_fence": {
    "criteria": {
      "has_planks": "2024-05-18 22:31:30 +0000"
    },
    "done": true
  },
  "minecraft:recipes/transportation/oak_boat": {
    "criteria": {
      "in_water": "2024-05-18 22:31:17 +0000"
    },
    "done": true
  },
  "minecraft:recipes/decorations/soul_campfire": {
    "criteria": {
      "has_soul_sand": "2024-05-18 22:33:45 +0000"
    },
    "done": true
  },
  "morevanillaarmor:recipes/morevanillaarmor/coal_chestplate": {
    "criteria": {
      "already_crafted": "2024-05-18 22:40:49 +0000"
    },
    "done": true
  },
  "morevanillaarmor:recipes/morevanillaarmor/ender_boots": {
    "criteria": {
      "already_crafted": "2024-05-18 22:40:54 +0000"
    },
    "done": true
  },
  "minecraft:recipes/decorations/blue_bed_from_white_bed": {
    "criteria": {
      "has_bed": "2024-05-18 23:58:03 +0000"
    },
    "done": true
  },
  "minecraft:recipes/decorations/soul_torch": {
    "criteria": {
      "has_soul_sand": "2024-05-18 22:33:45 +0000"
    },
    "done": true
  },
  "morevanillaarmor:recipes/morevanillaarmor/coal_boots": {
    "criteria": {
      "already_crafted": "2024-05-18 22:40:50 +0000"
    },
    "done": true
  },
  "minecraft:recipes/building_blocks/oak_slab": {
    "criteria": {
      "has_planks": "2024-05-18 22:31:30 +0000"
    },
    "done": true
  },
  "minecraft:recipes/decorations/light_gray_bed_from_white_bed": {
    "criteria": {
      "has_bed": "2024-05-18 23:58:03 +0000"
    },
    "done": true
  },
  "minecraft:recipes/building_blocks/bone_block": {
    "criteria": {
      "has_bonemeal": "2024-05-18 22:58:06 +0000"
    },
    "done": true
  },
  "DataVersion": 2586
}