{
  "dungeons_arise:wda_root": {
    "criteria": {
      "WDA": "2024-05-18 20:52:41 +0000"
    },
    "done": true
  },
  "tombstone:adventure/root": {
    "criteria": {
      "auto": "2024-05-18 20:52:41 +0000"
    },
    "done": true
  },
  "minecraft:adventure/adventuring_time": {
    "criteria": {
      "minecraft:taiga": "2024-05-18 20:52:41 +0000",
      "minecraft:taiga_hills": "2024-05-18 20:55:06 +0000",
      "minecraft:river": "2024-05-18 20:55:05 +0000"
    },
    "done": false
  },
  "DataVersion": 2586
}