{
  "morevanillaarmor:recipes/morevanillaarmor/ender_leggings": {
    "criteria": {
      "already_crafted": "2024-05-18 22:40:54 +0000"
    },
    "done": true
  },
  "minecraft:recipes/tools/fishing_rod": {
    "criteria": {
      "has_string": "2024-05-26 23:14:47 +0000"
    },
    "done": true
  },
  "minecraft:recipes/food/cooked_mutton_from_campfire_cooking": {
    "criteria": {
      "has_mutton": "2024-05-26 22:38:45 +0000"
    },
    "done": true
  },
  "minecraft:recipes/decorations/smoker": {
    "criteria": {
      "has_furnace": "2024-05-26 22:49:27 +0000"
    },
    "done": true
  },
  "minecraft:recipes/building_blocks/purple_wool": {
    "criteria": {
      "has_white_wool": "2024-05-26 22:38:45 +0000"
    },
    "done": true
  },
  "minecraft:recipes/building_blocks/quartz_pillar": {
    "criteria": {
      "has_chiseled_quartz_block": "2024-05-26 23:31:32 +0000"
    },
    "done": true
  },
  "chisel:recipes/chisel/futura/screen_metallic": {
    "criteria": {
      "has_redstone": "2024-05-26 23:20:38 +0000"
    },
    "done": true
  },
  "minecraft:recipes/redstone/lever": {
    "criteria": {
      "has_cobblestone": "2024-05-26 22:40:27 +0000"
    },
    "done": true
  },
  "minecraft:recipes/building_blocks/cobblestone_stairs_from_cobblestone_stonecutting": {
    "criteria": {
      "has_cobblestone": "2024-05-26 22:40:27 +0000"
    },
    "done": true
  },
  "minecraft:recipes/building_blocks/magenta_concrete_powder": {
    "criteria": {
      "has_gravel": "2024-05-26 23:58:05 +0000"
    },
    "done": true
  },
  "morevanillaarmor:recipes/morevanillaarmor/glowstone_leggings": {
    "criteria": {
      "already_crafted": "2024-05-18 22:40:58 +0000"
    },
    "done": true
  },
  "minecraft:nether/obtain_crying_obsidian": {
    "criteria": {
      "crying_obsidian": "2024-05-18 22:58:55 +0000"
    },
    "done": true
  },
  "minecraft:recipes/combat/iron_sword": {
    "criteria": {
      "has_iron_ingot": "2024-05-26 23:48:37 +0000"
    },
    "done": true
  },
  "minecraft:recipes/building_blocks/stone_bricks": {
    "criteria": {
      "has_stone": "2024-05-18 23:21:29 +0000"
    },
    "done": true
  },
  "minecraft:recipes/redstone/spruce_door": {
    "criteria": {
      "has_planks": "2024-05-26 22:34:20 +0000"
    },
    "done": true
  },
  "toolbelt:recipes/pouch": {
    "criteria": {
      "has_leather": "2024-05-26 22:58:23 +0000"
    },
    "done": true
  },
  "comforts:sleeping_bag_lime_from_white": {
    "criteria": {
      "has_sleeping_bag": "2024-05-18 22:50:07 +0000"
    },
    "done": true
  },
  "minecraft:recipes/decorations/white_bed": {
    "criteria": {
      "has_white_wool": "2024-05-26 22:38:45 +0000"
    },
    "done": true
  },
  "minecraft:recipes/building_blocks/lime_concrete_powder": {
    "criteria": {
      "has_gravel": "2024-05-26 23:58:05 +0000"
    },
    "done": true
  },
  "minecraft:recipes/tools/iron_pickaxe": {
    "criteria": {
      "has_iron_ingot": "2024-05-26 23:48:37 +0000"
    },
    "done": true
  },
  "minecraft:recipes/redstone/spruce_fence_gate": {
    "criteria": {
      "has_planks": "2024-05-26 22:34:20 +0000"
    },
    "done": true
  },
  "minecraft:recipes/building_blocks/yellow_concrete_powder": {
    "criteria": {
      "has_gravel": "2024-05-26 23:58:05 +0000"
    },
    "done": true
  },
  "minecraft:recipes/combat/leather_helmet": {
    "criteria": {
      "has_leather": "2024-05-26 22:58:23 +0000"
    },
    "done": true
  },
  "minecraft:recipes/decorations/crafting_table": {
    "criteria": {
      "has_planks": "2024-05-18 22:31:30 +0000"
    },
    "done": true
  },
  "minecraft:recipes/decorations/campfire": {
    "criteria": {
      "has_stick": "2024-05-26 22:30:42 +0000"
    },
    "done": true
  },
  "minecraft:recipes/building_blocks/magenta_wool": {
    "criteria": {
      "has_white_wool": "2024-05-26 22:38:45 +0000"
    },
    "done": true
  },
  "minecraft:recipes/building_blocks/smooth_stone": {
    "criteria": {
      "has_stone": "2024-05-18 23:21:29 +0000"
    },
    "done": true
  },
  "minecraft:recipes/decorations/ladder": {
    "criteria": {
      "has_stick": "2024-05-26 22:30:42 +0000"
    },
    "done": true
  },
  "infernalexp:recipes/food/blindsight_tounge_stew": {
    "criteria": {
      "has_warped_fungus": "2024-05-18 22:58:06 +0000"
    },
    "done": true
  },
  "minecraft:recipes/misc/iron_nugget": {
    "criteria": {
      "has_iron_ingot": "2024-05-26 23:48:37 +0000"
    },
    "done": true
  },
  "minecraft:recipes/decorations/chest": {
    "criteria": {
      "has_lots_of_items": "2024-05-18 22:40:50 +0000"
    },
    "done": true
  },
  "minecraft:recipes/building_blocks/stone_slab_from_stone_stonecutting": {
    "criteria": {
      "has_stone": "2024-05-18 23:21:29 +0000"
    },
    "done": true
  },
  "minecraft:recipes/building_blocks/brown_concrete_powder": {
    "criteria": {
      "has_gravel": "2024-05-26 23:58:05 +0000"
    },
    "done": true
  },
  "minecraft:recipes/building_blocks/chiseled_stone_bricks_stone_from_stonecutting": {
    "criteria": {
      "has_stone": "2024-05-18 23:21:29 +0000"
    },
    "done": true
  },
  "minecraft:recipes/decorations/black_bed_from_white_bed": {
    "criteria": {
      "has_bed": "2024-05-18 23:58:03 +0000"
    },
    "done": true
  },
  "minecraft:recipes/redstone/spruce_button": {
    "criteria": {
      "has_planks": "2024-05-26 22:34:20 +0000"
    },
    "done": true
  },
  "ironchest:recipes/ironchest/chests/vanilla_dirt_chest": {
    "criteria": {
      "has_iron_ingot": "2024-05-18 22:38:25 +0000"
    },
    "done": true
  },
  "minecraft:recipes/tools/wooden_shovel": {
    "criteria": {
      "has_stick": "2024-05-26 22:30:42 +0000"
    },
    "done": true
  },
  "minecraft:recipes/decorations/torch": {
    "criteria": {
      "has_stone_pickaxe": "2024-05-26 22:40:37 +0000"
    },
    "done": true
  },
  "minecraft:recipes/combat/diamond_sword": {
    "criteria": {
      "has_diamond": "2024-05-26 23:31:20 +0000"
    },
    "done": true
  },
  "minecraft:recipes/building_blocks/cyan_wool": {
    "criteria": {
      "has_white_wool": "2024-05-26 22:38:45 +0000"
    },
    "done": true
  },
  "minecraft:recipes/misc/white_dye": {
    "criteria": {
      "has_bone_meal": "2024-05-18 22:58:06 +0000"
    },
    "done": true
  },
  "minecraft:recipes/tools/shears": {
    "criteria": {
      "has_iron_ingot": "2024-05-26 23:48:37 +0000"
    },
    "done": true
  },
  "minecraft:recipes/misc/stick": {
    "criteria": {
      "has_planks": "2024-05-18 22:31:30 +0000"
    },
    "done": true
  },
  "morevanillaarmor:recipes/morevanillaarmor/bone_boots": {
    "criteria": {
      "already_crafted": "2024-05-18 22:40:48 +0000"
    },
    "done": true
  },
  "minecraft:recipes/building_blocks/stone_brick_slab_from_stone_stonecutting": {
    "criteria": {
      "has_stone": "2024-05-18 23:21:29 +0000"
    },
    "done": true
  },
  "tombstone:adventure/cancel_ghostly_shape": {
    "criteria": {
      "coded_trigger": "2024-05-18 23:27:20 +0000"
    },
    "done": true
  },
  "minecraft:recipes/misc/iron_ingot_from_blasting": {
    "criteria": {
      "has_iron_ore": "2024-05-26 23:40:33 +0000"
    },
    "done": true
  },
  "minecraft:recipes/transportation/spruce_boat": {
    "criteria": {
      "in_water": "2024-05-18 22:31:17 +0000"
    },
    "done": true
  },
  "morevanillaarmor:recipes/morevanillaarmor/coal_leggings": {
    "criteria": {
      "already_crafted": "2024-05-18 22:40:50 +0000"
    },
    "done": true
  },
  "minecraft:recipes/decorations/jukebox": {
    "criteria": {
      "has_diamond": "2024-05-26 23:31:20 +0000"
    },
    "done": true
  },
  "dungeons_arise:find_abandoned_temple": {
    "criteria": {
      "location0": "2024-05-18 22:28:43 +0000"
    },
    "done": true
  },
  "minecraft:recipes/tools/flint_and_steel": {
    "criteria": {
      "has_flint": "2024-05-27 00:07:51 +0000"
    },
    "done": true
  },
  "minecraft:recipes/redstone/dispenser": {
    "criteria": {
      "has_bow": "2024-05-18 22:58:08 +0000"
    },
    "done": true
  },
  "minecraft:recipes/building_blocks/smooth_quartz_slab_from_smooth_quartz_stonecutting": {
    "criteria": {
      "has_smooth_quartz": "2024-05-26 23:20:38 +0000"
    },
    "done": true
  },
  "chisel:recipes/chisel/diamond_chisel": {
    "criteria": {
      "has_diamond": "2024-05-26 23:48:37 +0000"
    },
    "done": true
  },
  "morevanillaarmor:recipes/morevanillaarmor/bone_leggings": {
    "criteria": {
      "already_crafted": "2024-05-18 22:40:48 +0000"
    },
    "done": true
  },
  "minecraft:recipes/building_blocks/emerald_block": {
    "criteria": {
      "has_emerald": "2024-05-27 00:01:59 +0000"
    },
    "done": true
  },
  "minecraft:recipes/building_blocks/gray_wool": {
    "criteria": {
      "has_white_wool": "2024-05-26 22:38:45 +0000"
    },
    "done": true
  },
  "minecraft:recipes/misc/sugar_from_sugar_cane": {
    "criteria": {
      "has_reeds": "2024-05-27 00:08:34 +0000"
    },
    "done": true
  },
  "tombstone:adventure/find_grave_dust": {
    "criteria": {
      "from_undead": "2024-05-18 22:58:07 +0000"
    },
    "done": true
  },
  "minecraft:recipes/combat/iron_leggings": {
    "criteria": {
      "has_iron_ingot": "2024-05-26 23:48:37 +0000"
    },
    "done": true
  },
  "minecraft:husbandry/balanced_diet": {
    "criteria": {
      "cooked_porkchop": "2024-05-26 23:05:37 +0000",
      "cooked_mutton": "2024-05-26 23:13:17 +0000",
      "sweet_berries": "2024-05-26 23:44:52 +0000",
      "cooked_beef": "2024-05-18 22:57:37 +0000",
      "rotten_flesh": "2024-05-26 23:04:42 +0000",
      "enchanted_golden_apple": "2024-05-18 22:57:23 +0000"
    },
    "done": false
  },
  "tombstone:recipes/from_grave_key": {
    "criteria": {
      "has_ingredient": "2024-05-18 22:42:42 +0000"
    },
    "done": true
  },
  "minecraft:recipes/tools/wooden_hoe": {
    "criteria": {
      "has_stick": "2024-05-26 22:30:42 +0000"
    },
    "done": true
  },
  "minecraft:recipes/combat/shield": {
    "criteria": {
      "has_iron_ingot": "2024-05-26 23:48:37 +0000"
    },
    "done": true
  },
  "minecraft:recipes/decorations/respawn_anchor": {
    "criteria": {
      "has_obsidian": "2024-05-18 22:58:55 +0000"
    },
    "done": true
  },
  "minecraft:recipes/building_blocks/cobblestone_slab": {
    "criteria": {
      "has_cobblestone": "2024-05-26 22:40:27 +0000"
    },
    "done": true
  },
  "dungeons_arise:find_small_prairie_house": {
    "criteria": {
      "location0": "2024-05-18 23:09:13 +0000"
    },
    "done": true
  },
  "minecraft:recipes/misc/bucket": {
    "criteria": {
      "has_iron_ingot": "2024-05-26 23:48:37 +0000"
    },
    "done": true
  },
  "minecraft:recipes/building_blocks/warped_hyphae": {
    "criteria": {
      "has_log": "2024-05-18 22:58:06 +0000"
    },
    "done": true
  },
  "minecraft:recipes/redstone/trapped_chest": {
    "criteria": {
      "has_tripwire_hook": "2024-05-26 23:15:22 +0000"
    },
    "done": true
  },
  "chisel:recipes/chisel/futura/controller_purple": {
    "criteria": {
      "has_redstone": "2024-05-26 23:20:38 +0000"
    },
    "done": true
  },
  "morevanillaarmor:recipes/morevanillaarmor/emerald_helmet": {
    "criteria": {
      "already_crafted": "2024-05-18 22:40:50 +0000"
    },
    "done": true
  },
  "minecraft:recipes/building_blocks/cobblestone_stairs": {
    "criteria": {
      "has_cobblestone": "2024-05-26 22:40:27 +0000"
    },
    "done": true
  },
  "minecraft:recipes/redstone/hopper": {
    "criteria": {
      "has_iron_ingot": "2024-05-26 23:48:37 +0000"
    },
    "done": true
  },
  "morevanillaarmor:recipes/morevanillaarmor/nether_helmet": {
    "criteria": {
      "already_crafted": "2024-05-18 22:41:00 +0000"
    },
    "done": true
  },
  "minecraft:recipes/decorations/yellow_bed_from_white_bed": {
    "criteria": {
      "has_bed": "2024-05-18 23:58:03 +0000"
    },
    "done": true
  },
  "morevanillaarmor:recipes/morevanillaarmor/bone_helmet": {
    "criteria": {
      "already_crafted": "2024-05-18 22:40:47 +0000"
    },
    "done": true
  },
  "minecraft:recipes/building_blocks/coarse_dirt": {
    "criteria": {
      "has_gravel": "2024-05-26 23:58:05 +0000"
    },
    "done": true
  },
  "minecraft:recipes/redstone/note_block": {
    "criteria": {
      "has_redstone": "2024-05-26 23:20:38 +0000"
    },
    "done": true
  },
  "tombstone:adventure/first_grave": {
    "criteria": {
      "coded_trigger": "2024-05-18 22:42:40 +0000"
    },
    "done": true
  },
  "comforts:sleeping_bag_light_blue_from_white": {
    "criteria": {
      "has_sleeping_bag": "2024-05-18 22:50:07 +0000"
    },
    "done": true
  },
  "minecraft:recipes/decorations/white_banner": {
    "criteria": {
      "has_white_wool": "2024-05-26 22:38:45 +0000"
    },
    "done": true
  },
  "tombstone:adventure/create_voodoo_poppet": {
    "criteria": {
      "has_voodoo_poppet": "2024-05-18 23:42:46 +0000"
    },
    "done": true
  },
  "toolbelt:recipes/belt": {
    "criteria": {
      "has_leather": "2024-05-26 22:58:23 +0000"
    },
    "done": true
  },
  "minecraft:recipes/building_blocks/light_gray_concrete_powder": {
    "criteria": {
      "has_gravel": "2024-05-26 23:58:05 +0000"
    },
    "done": true
  },
  "minecraft:recipes/building_blocks/light_blue_concrete_powder": {
    "criteria": {
      "has_gravel": "2024-05-26 23:58:05 +0000"
    },
    "done": true
  },
  "minecraft:recipes/misc/brick": {
    "criteria": {
      "has_clay_ball": "2024-05-26 23:57:07 +0000"
    },
    "done": true
  },
  "minecraft:recipes/misc/leather_horse_armor": {
    "criteria": {
      "has_leather": "2024-05-26 22:58:23 +0000"
    },
    "done": true
  },
  "minecraft:recipes/combat/leather_leggings": {
    "criteria": {
      "has_leather": "2024-05-26 22:58:23 +0000"
    },
    "done": true
  },
  "minecraft:recipes/combat/iron_helmet": {
    "criteria": {
      "has_iron_ingot": "2024-05-26 23:48:37 +0000"
    },
    "done": true
  },
  "minecraft:recipes/building_blocks/pink_concrete_powder": {
    "criteria": {
      "has_gravel": "2024-05-26 23:58:05 +0000"
    },
    "done": true
  },
  "minecraft:recipes/combat/bow": {
    "criteria": {
      "has_string": "2024-05-26 23:14:47 +0000"
    },
    "done": true
  },
  "minecraft:recipes/redstone/oak_fence_gate": {
    "criteria": {
      "has_planks": "2024-05-18 22:31:30 +0000"
    },
    "done": true
  },
  "minecraft:recipes/redstone/tnt": {
    "criteria": {
      "has_gunpowder": "2024-05-18 22:53:44 +0000"
    },
    "done": true
  },
  "minecraft:recipes/food/cooked_chicken_from_smoking": {
    "criteria": {
      "has_chicken": "2024-05-26 23:40:19 +0000"
    },
    "done": true
  },
  "minecraft:recipes/building_blocks/purple_concrete_powder": {
    "criteria": {
      "has_gravel": "2024-05-26 23:58:05 +0000"
    },
    "done": true
  },
  "minecraft:recipes/building_blocks/stone_stairs_from_stone_stonecutting": {
    "criteria": {
      "has_stone": "2024-05-18 23:21:29 +0000"
    },
    "done": true
  },
  "minecraft:recipes/decorations/magenta_bed_from_white_bed": {
    "criteria": {
      "has_bed": "2024-05-18 23:58:02 +0000"
    },
    "done": true
  },
  "morevanillaarmor:recipes/morevanillaarmor/emerald_leggings": {
    "criteria": {
      "already_crafted": "2024-05-18 22:40:52 +0000"
    },
    "done": true
  },
  "minecraft:recipes/decorations/iron_bars": {
    "criteria": {
      "has_iron_ingot": "2024-05-26 23:48:37 +0000"
    },
    "done": true
  },
  "minecraft:recipes/decorations/orange_bed_from_white_bed": {
    "criteria": {
      "has_bed": "2024-05-18 23:58:03 +0000"
    },
    "done": true
  },
  "minecraft:recipes/building_blocks/blue_wool": {
    "criteria": {
      "has_white_wool": "2024-05-26 22:38:45 +0000"
    },
    "done": true
  },
  "minecraft:story/obtain_armor": {
    "criteria": {
      "iron_chestplate": "2024-05-26 23:51:30 +0000"
    },
    "done": true
  },
  "minecraft:recipes/combat/diamond_chestplate": {
    "criteria": {
      "has_diamond": "2024-05-26 23:31:20 +0000"
    },
    "done": true
  },
  "minecraft:story/mine_stone": {
    "criteria": {
      "get_stone": "2024-05-26 22:40:27 +0000"
    },
    "done": true
  },
  "minecraft:recipes/redstone/target": {
    "criteria": {
      "has_redstone": "2024-05-26 23:20:38 +0000"
    },
    "done": true
  },
  "minecraft:recipes/decorations/furnace": {
    "criteria": {
      "has_cobblestone": "2024-05-26 22:40:27 +0000"
    },
    "done": true
  },
  "minecraft:recipes/transportation/minecart": {
    "criteria": {
      "has_iron_ingot": "2024-05-26 23:48:37 +0000"
    },
    "done": true
  },
  "tombstone:adventure/create_magic_scroll": {
    "criteria": {
      "has_magic_scroll": "2024-05-26 23:29:54 +0000"
    },
    "done": true
  },
  "minecraft:recipes/combat/diamond_leggings": {
    "criteria": {
      "has_diamond": "2024-05-26 23:31:20 +0000"
    },
    "done": true
  },
  "minecraft:adventure/sleep_in_bed": {
    "criteria": {
      "slept_in_bed": "2024-05-18 22:50:17 +0000"
    },
    "done": true
  },
  "minecraft:recipes/misc/charcoal": {
    "criteria": {
      "has_log": "2024-05-18 23:38:31 +0000"
    },
    "done": true
  },
  "minecraft:recipes/building_blocks/spruce_planks": {
    "criteria": {
      "has_logs": "2024-05-18 23:38:31 +0000"
    },
    "done": true
  },
  "morevanillaarmor:recipes/morevanillaarmor/fiery_boots": {
    "criteria": {
      "already_crafted": "2024-05-18 22:40:57 +0000"
    },
    "done": true
  },
  "minecraft:recipes/building_blocks/orange_wool": {
    "criteria": {
      "has_white_wool": "2024-05-26 22:38:45 +0000"
    },
    "done": true
  },
  "infernalexp:recipes/food/cured_jerky": {
    "criteria": {
      "has_soul_salt_clump": "2024-05-18 22:33:46 +0000"
    },
    "done": true
  },
  "minecraft:story/lava_bucket": {
    "criteria": {
      "lava_bucket": "2024-05-18 23:21:02 +0000"
    },
    "done": true
  },
  "minecraft:recipes/tools/wooden_pickaxe": {
    "criteria": {
      "has_stick": "2024-05-26 22:30:42 +0000"
    },
    "done": true
  },
  "minecraft:recipes/tools/iron_hoe": {
    "criteria": {
      "has_iron_ingot": "2024-05-26 23:48:37 +0000"
    },
    "done": true
  },
  "minecraft:recipes/building_blocks/cobblestone_slab_from_cobblestone_stonecutting": {
    "criteria": {
      "has_cobblestone": "2024-05-26 22:40:27 +0000"
    },
    "done": true
  },
  "minecraft:husbandry/root": {
    "criteria": {
      "consumed_item": "2024-05-18 22:13:49 +0000"
    },
    "done": true
  },
  "minecraft:recipes/redstone/redstone_torch": {
    "criteria": {
      "has_redstone": "2024-05-26 23:20:38 +0000"
    },
    "done": true
  },
  "minecraft:recipes/transportation/birch_boat": {
    "criteria": {
      "in_water": "2024-05-18 22:31:17 +0000"
    },
    "done": true
  },
  "infernalexp:recipes/redstone/basalt_button": {
    "criteria": {
      "has_basalt": "2024-05-18 22:58:08 +0000"
    },
    "done": true
  },
  "tombstone:adventure/eat_easter_egg_food": {
    "criteria": {
      "coded_trigger": "2024-05-18 22:13:49 +0000"
    },
    "done": true
  },
  "minecraft:recipes/building_blocks/oak_stairs": {
    "criteria": {
      "has_planks": "2024-05-18 22:31:30 +0000"
    },
    "done": true
  },
  "minecraft:recipes/building_blocks/quartz_stairs": {
    "criteria": {
      "has_chiseled_quartz_block": "2024-05-26 23:31:32 +0000"
    },
    "done": true
  },
  "minecraft:recipes/building_blocks/green_concrete_powder": {
    "criteria": {
      "has_gravel": "2024-05-26 23:58:05 +0000"
    },
    "done": true
  },
  "minecraft:recipes/transportation/acacia_boat": {
    "criteria": {
      "in_water": "2024-05-18 22:31:17 +0000"
    },
    "done": true
  },
  "minecraft:recipes/tools/iron_shovel": {
    "criteria": {
      "has_iron_ingot": "2024-05-26 23:48:37 +0000"
    },
    "done": true
  },
  "minecraft:recipes/redstone/iron_trapdoor": {
    "criteria": {
      "has_iron_ingot": "2024-05-26 23:48:37 +0000"
    },
    "done": true
  },
  "morevanillaarmor:recipes/morevanillaarmor/obsidian_helmet": {
    "criteria": {
      "already_crafted": "2024-05-18 22:41:02 +0000"
    },
    "done": true
  },
  "minecraft:recipes/building_blocks/smooth_quartz_slab": {
    "criteria": {
      "has_smooth_quartz": "2024-05-26 23:20:38 +0000"
    },
    "done": true
  },
  "minecraft:recipes/decorations/cyan_bed_from_white_bed": {
    "criteria": {
      "has_bed": "2024-05-18 23:58:03 +0000"
    },
    "done": true
  },
  "minecraft:adventure/root": {
    "criteria": {
      "killed_something": "2024-05-18 22:34:32 +0000"
    },
    "done": true
  },
  "minecraft:recipes/building_blocks/polished_basalt_from_basalt_stonecutting": {
    "criteria": {
      "has_basalt": "2024-05-18 22:58:08 +0000"
    },
    "done": true
  },
  "minecraft:recipes/decorations/gray_bed_from_white_bed": {
    "criteria": {
      "has_bed": "2024-05-18 23:58:03 +0000"
    },
    "done": true
  },
  "minecraft:recipes/building_blocks/white_concrete_powder": {
    "criteria": {
      "has_gravel": "2024-05-26 23:58:05 +0000"
    },
    "done": true
  },
  "minecraft:recipes/decorations/item_frame": {
    "criteria": {
      "has_leather": "2024-05-26 22:58:23 +0000"
    },
    "done": true
  },
  "minecraft:recipes/building_blocks/stone_brick_stairs_from_stone_stonecutting": {
    "criteria": {
      "has_stone": "2024-05-18 23:21:29 +0000"
    },
    "done": true
  },
  "minecraft:recipes/decorations/lime_bed_from_white_bed": {
    "criteria": {
      "has_bed": "2024-05-18 23:58:03 +0000"
    },
    "done": true
  },
  "minecraft:recipes/tools/stone_hoe": {
    "criteria": {
      "has_cobblestone": "2024-05-26 22:40:27 +0000"
    },
    "done": true
  },
  "minecraft:recipes/building_blocks/white_wool_from_string": {
    "criteria": {
      "has_string": "2024-05-26 23:14:47 +0000"
    },
    "done": true
  },
  "minecraft:recipes/tools/clock": {
    "criteria": {
      "has_redstone": "2024-05-26 23:20:38 +0000"
    },
    "done": true
  },
  "minecraft:recipes/decorations/spruce_fence": {
    "criteria": {
      "has_planks": "2024-05-26 22:34:20 +0000"
    },
    "done": true
  },
  "minecraft:recipes/tools/diamond_pickaxe": {
    "criteria": {
      "has_diamond": "2024-05-26 23:31:20 +0000"
    },
    "done": true
  },
  "minecraft:recipes/tools/diamond_hoe": {
    "criteria": {
      "has_diamond": "2024-05-26 23:31:20 +0000"
    },
    "done": true
  },
  "minecraft:adventure/kill_all_mobs": {
    "criteria": {
      "minecraft:skeleton": "2024-05-18 23:00:22 +0000",
      "minecraft:magma_cube": "2024-05-26 23:16:52 +0000",
      "minecraft:spider": "2024-05-18 23:01:25 +0000",
      "minecraft:creeper": "2024-05-18 22:53:40 +0000",
      "minecraft:zombie": "2024-05-18 22:53:43 +0000"
    },
    "done": false
  },
  "minecraft:recipes/tools/diamond_shovel": {
    "criteria": {
      "has_diamond": "2024-05-26 23:31:20 +0000"
    },
    "done": true
  },
  "minecraft:recipes/decorations/green_bed_from_white_bed": {
    "criteria": {
      "has_bed": "2024-05-18 23:58:03 +0000"
    },
    "done": true
  },
  "minecraft:recipes/redstone/redstone_block": {
    "criteria": {
      "has_redstone": "2024-05-26 23:20:38 +0000"
    },
    "done": true
  },
  "minecraft:adventure/trade": {
    "criteria": {
      "traded": "2024-05-27 00:01:50 +0000"
    },
    "done": true
  },
  "minecraft:recipes/food/cooked_beef_from_smoking": {
    "criteria": {
      "has_beef": "2024-05-26 22:58:24 +0000"
    },
    "done": true
  },
  "minecraft:recipes/decorations/fletching_table": {
    "criteria": {
      "has_flint": "2024-05-27 00:07:51 +0000"
    },
    "done": true
  },
  "minecraft:recipes/decorations/pink_bed_from_white_bed": {
    "criteria": {
      "has_bed": "2024-05-18 23:58:03 +0000"
    },
    "done": true
  },
  "minecraft:recipes/decorations/white_carpet": {
    "criteria": {
      "has_white_wool": "2024-05-26 22:38:45 +0000"
    },
    "done": true
  },
  "chisel:recipes/chisel/auto_chisel": {
    "criteria": {
      "has_iron": "2024-05-26 23:48:37 +0000"
    },
    "done": true
  },
  "minecraft:recipes/food/cooked_chicken_from_campfire_cooking": {
    "criteria": {
      "has_chicken": "2024-05-26 23:40:19 +0000"
    },
    "done": true
  },
  "minecraft:recipes/building_blocks/spruce_stairs": {
    "criteria": {
      "has_planks": "2024-05-26 22:34:20 +0000"
    },
    "done": true
  },
  "minecraft:recipes/misc/iron_nugget_from_smelting": {
    "criteria": {
      "has_iron_chestplate": "2024-05-26 23:51:30 +0000"
    },
    "done": true
  },
  "minecraft:recipes/food/cooked_mutton_from_smoking": {
    "criteria": {
      "has_mutton": "2024-05-26 22:38:45 +0000"
    },
    "done": true
  },
  "chisel:recipes/chisel/factory/dots": {
    "criteria": {
      "has_iron": "2024-05-26 23:48:37 +0000"
    },
    "done": true
  },
  "morevanillaarmor:recipes/morevanillaarmor/fiery_chestplate": {
    "criteria": {
      "already_crafted": "2024-05-18 22:40:55 +0000"
    },
    "done": true
  },
  "chisel:recipes/chisel/iron_chisel": {
    "criteria": {
      "has_iron": "2024-05-26 23:48:37 +0000"
    },
    "done": true
  },
  "comforts:sleeping_bag_light_gray_from_white": {
    "criteria": {
      "has_sleeping_bag": "2024-05-18 22:50:07 +0000"
    },
    "done": true
  },
  "chisel:recipes/chisel/futura/controller": {
    "criteria": {
      "has_redstone": "2024-05-26 23:20:38 +0000"
    },
    "done": true
  },
  "minecraft:recipes/decorations/chain": {
    "criteria": {
      "has_iron_ingot": "2024-05-26 23:48:37 +0000"
    },
    "done": true
  },
  "tombstone:adventure/first_knowledge": {
    "criteria": {
      "coded_trigger": "2024-05-18 22:13:49 +0000"
    },
    "done": true
  },
  "minecraft:story/mine_diamond": {
    "criteria": {
      "diamond": "2024-05-26 23:31:20 +0000"
    },
    "done": true
  },
  "minecraft:story/upgrade_tools": {
    "criteria": {
      "stone_pickaxe": "2024-05-26 22:40:37 +0000"
    },
    "done": true
  },
  "minecraft:recipes/combat/diamond_helmet": {
    "criteria": {
      "has_diamond": "2024-05-26 23:31:20 +0000"
    },
    "done": true
  },
  "minecraft:recipes/decorations/oak_fence": {
    "criteria": {
      "has_planks": "2024-05-18 22:31:30 +0000"
    },
    "done": true
  },
  "minecraft:recipes/transportation/oak_boat": {
    "criteria": {
      "in_water": "2024-05-18 22:31:17 +0000"
    },
    "done": true
  },
  "minecraft:recipes/decorations/blue_bed_from_white_bed": {
    "criteria": {
      "has_bed": "2024-05-18 23:58:03 +0000"
    },
    "done": true
  },
  "morevanillaarmor:recipes/morevanillaarmor/coal_boots": {
    "criteria": {
      "already_crafted": "2024-05-18 22:40:50 +0000"
    },
    "done": true
  },
  "minecraft:recipes/food/cooked_porkchop": {
    "criteria": {
      "has_porkchop": "2024-05-26 23:00:50 +0000"
    },
    "done": true
  },
  "minecraft:recipes/building_blocks/orange_concrete_powder": {
    "criteria": {
      "has_gravel": "2024-05-26 23:58:05 +0000"
    },
    "done": true
  },
  "minecraft:recipes/building_blocks/oak_slab": {
    "criteria": {
      "has_planks": "2024-05-18 22:31:30 +0000"
    },
    "done": true
  },
  "minecraft:recipes/building_blocks/cyan_concrete_powder": {
    "criteria": {
      "has_gravel": "2024-05-26 23:58:05 +0000"
    },
    "done": true
  },
  "chisel:recipes/chisel/futura/wavy": {
    "criteria": {
      "has_redstone": "2024-05-26 23:20:38 +0000"
    },
    "done": true
  },
  "minecraft:recipes/food/cooked_porkchop_from_campfire_cooking": {
    "criteria": {
      "has_porkchop": "2024-05-26 23:00:50 +0000"
    },
    "done": true
  },
  "comforts:hammock_white": {
    "criteria": {
      "has_white_wool": "2024-05-26 22:38:45 +0000"
    },
    "done": true
  },
  "minecraft:recipes/tools/wooden_axe": {
    "criteria": {
      "has_stick": "2024-05-26 22:30:42 +0000"
    },
    "done": true
  },
  "minecraft:recipes/decorations/spruce_sign": {
    "criteria": {
      "has_spruce_planks": "2024-05-26 22:34:20 +0000"
    },
    "done": true
  },
  "minecraft:recipes/building_blocks/lime_wool": {
    "criteria": {
      "has_white_wool": "2024-05-26 22:38:45 +0000"
    },
    "done": true
  },
  "comforts:sleeping_bag_green_from_white": {
    "criteria": {
      "has_sleeping_bag": "2024-05-18 22:50:07 +0000"
    },
    "done": true
  },
  "minecraft:recipes/misc/paper": {
    "criteria": {
      "has_reeds": "2024-05-27 00:08:34 +0000"
    },
    "done": true
  },
  "minecraft:recipes/building_blocks/black_wool": {
    "criteria": {
      "has_white_wool": "2024-05-26 22:38:45 +0000"
    },
    "done": true
  },
  "minecraft:recipes/building_blocks/stone_bricks_from_stone_stonecutting": {
    "criteria": {
      "has_stone": "2024-05-18 23:21:29 +0000"
    },
    "done": true
  },
  "dungeons_arise:find_small_blimp": {
    "criteria": {
      "location0": "2024-05-18 23:53:04 +0000"
    },
    "done": true
  },
  "chisel:recipes/chisel/tyrian/shining": {
    "criteria": {
      "has_iron": "2024-05-26 23:48:37 +0000"
    },
    "done": true
  },
  "tombstone:adventure/ashes_and_bones": {
    "criteria": {
      "coded_trigger": "2024-05-18 23:01:25 +0000"
    },
    "done": true
  },
  "tombstone:recipes/from_voodoo_poppets": {
    "criteria": {
      "has_ingredient": "2024-05-18 23:42:46 +0000"
    },
    "done": true
  },
  "minecraft:recipes/decorations/loom": {
    "criteria": {
      "has_string": "2024-05-26 23:14:47 +0000"
    },
    "done": true
  },
  "morevanillaarmor:recipes/morevanillaarmor/lapis_boots": {
    "criteria": {
      "already_crafted": "2024-05-18 22:41:00 +0000"
    },
    "done": true
  },
  "minecraft:recipes/building_blocks/green_wool": {
    "criteria": {
      "has_white_wool": "2024-05-26 22:38:45 +0000"
    },
    "done": true
  },
  "morevanillaarmor:recipes/morevanillaarmor/bone_chestplate": {
    "criteria": {
      "already_crafted": "2024-05-18 22:40:48 +0000"
    },
    "done": true
  },
  "comforts:sleeping_bag_black_from_white": {
    "criteria": {
      "has_sleeping_bag": "2024-05-18 22:50:07 +0000"
    },
    "done": true
  },
  "minecraft:recipes/tools/diamond_axe": {
    "criteria": {
      "has_diamond": "2024-05-26 23:31:20 +0000"
    },
    "done": true
  },
  "morevanillaarmor:recipes/morevanillaarmor/fiery_helmet": {
    "criteria": {
      "already_crafted": "2024-05-18 22:40:55 +0000"
    },
    "done": true
  },
  "minecraft:recipes/building_blocks/brown_wool": {
    "criteria": {
      "has_white_wool": "2024-05-26 22:38:45 +0000"
    },
    "done": true
  },
  "morevanillaarmor:recipes/morevanillaarmor/obsidian_leggings": {
    "criteria": {
      "already_crafted": "2024-05-18 22:41:03 +0000"
    },
    "done": true
  },
  "morevanillaarmor:recipes/morevanillaarmor/coal_helmet": {
    "criteria": {
      "already_crafted": "2024-05-18 22:40:49 +0000"
    },
    "done": true
  },
  "minecraft:recipes/building_blocks/iron_block": {
    "criteria": {
      "has_iron_ingot": "2024-05-26 23:48:37 +0000"
    },
    "done": true
  },
  "minecraft:recipes/decorations/painting": {
    "criteria": {
      "has_wool": "2024-05-26 22:38:45 +0000"
    },
    "done": true
  },
  "minecraft:recipes/building_blocks/quartz_slab": {
    "criteria": {
      "has_chiseled_quartz_block": "2024-05-26 23:31:32 +0000"
    },
    "done": true
  },
  "minecraft:recipes/building_blocks/stone_slab": {
    "criteria": {
      "has_stone": "2024-05-18 23:21:29 +0000"
    },
    "done": true
  },
  "minecraft:recipes/combat/arrow": {
    "criteria": {
      "has_feather": "2024-05-26 23:40:19 +0000"
    },
    "done": true
  },
  "minecraft:recipes/building_blocks/spruce_wood": {
    "criteria": {
      "has_log": "2024-05-18 23:38:31 +0000"
    },
    "done": true
  },
  "minecraft:recipes/building_blocks/coal_block": {
    "criteria": {
      "has_coal": "2024-05-26 22:40:51 +0000"
    },
    "done": true
  },
  "morevanillaarmor:recipes/morevanillaarmor/emerald_boots": {
    "criteria": {
      "already_crafted": "2024-05-18 22:40:52 +0000"
    },
    "done": true
  },
  "minecraft:recipes/building_blocks/clay": {
    "criteria": {
      "has_clay_ball": "2024-05-26 23:57:07 +0000"
    },
    "done": true
  },
  "minecraft:recipes/building_blocks/light_blue_wool": {
    "criteria": {
      "has_white_wool": "2024-05-26 22:38:45 +0000"
    },
    "done": true
  },
  "minecraft:recipes/combat/wooden_sword": {
    "criteria": {
      "has_stick": "2024-05-26 22:30:42 +0000"
    },
    "done": true
  },
  "minecraft:recipes/tools/stone_shovel": {
    "criteria": {
      "has_cobblestone": "2024-05-26 22:40:27 +0000"
    },
    "done": true
  },
  "minecraft:recipes/building_blocks/oak_planks": {
    "criteria": {
      "has_logs": "2024-05-26 22:55:43 +0000"
    },
    "done": true
  },
  "minecraft:recipes/building_blocks/blue_concrete_powder": {
    "criteria": {
      "has_gravel": "2024-05-26 23:58:05 +0000"
    },
    "done": true
  },
  "comforts:sleeping_bag_purple_from_white": {
    "criteria": {
      "has_sleeping_bag": "2024-05-18 22:50:07 +0000"
    },
    "done": true
  },
  "minecraft:recipes/building_blocks/gray_concrete_powder": {
    "criteria": {
      "has_gravel": "2024-05-26 23:58:05 +0000"
    },
    "done": true
  },
  "tombstone:adventure/root": {
    "criteria": {
      "auto": "2024-05-18 20:52:41 +0000"
    },
    "done": true
  },
  "minecraft:recipes/building_blocks/spruce_slab": {
    "criteria": {
      "has_planks": "2024-05-26 22:34:20 +0000"
    },
    "done": true
  },
  "minecraft:recipes/tools/iron_axe": {
    "criteria": {
      "has_iron_ingot": "2024-05-26 23:48:37 +0000"
    },
    "done": true
  },
  "comforts:sleeping_bag_orange_from_white": {
    "criteria": {
      "has_sleeping_bag": "2024-05-18 22:50:07 +0000"
    },
    "done": true
  },
  "comforts:sleeping_bag_blue_from_white": {
    "criteria": {
      "has_sleeping_bag": "2024-05-18 22:50:07 +0000"
    },
    "done": true
  },
  "minecraft:recipes/redstone/tripwire_hook": {
    "criteria": {
      "has_string": "2024-05-26 23:14:47 +0000"
    },
    "done": true
  },
  "minecraft:recipes/redstone/oak_pressure_plate": {
    "criteria": {
      "has_planks": "2024-05-18 22:31:30 +0000"
    },
    "done": true
  },
  "minecraft:recipes/combat/iron_boots": {
    "criteria": {
      "has_iron_ingot": "2024-05-26 23:48:37 +0000"
    },
    "done": true
  },
  "morevanillaarmor:recipes/morevanillaarmor/ender_helmet": {
    "criteria": {
      "already_crafted": "2024-05-18 22:40:53 +0000"
    },
    "done": true
  },
  "minecraft:recipes/misc/bone_meal": {
    "criteria": {
      "has_bone": "2024-05-18 22:58:30 +0000"
    },
    "done": true
  },
  "minecraft:recipes/building_blocks/chiseled_quartz_block": {
    "criteria": {
      "has_chiseled_quartz_block": "2024-05-26 23:31:32 +0000"
    },
    "done": true
  },
  "minecraft:recipes/building_blocks/black_concrete_powder": {
    "criteria": {
      "has_gravel": "2024-05-26 23:58:05 +0000"
    },
    "done": true
  },
  "comforts:sleeping_bag_brown_from_white": {
    "criteria": {
      "has_sleeping_bag": "2024-05-18 22:50:07 +0000"
    },
    "done": true
  },
  "comforts:sleeping_bag_white": {
    "criteria": {
      "has_white_wool": "2024-05-26 22:38:45 +0000"
    },
    "done": true
  },
  "dungeons_arise:find_monasteries": {
    "criteria": {
      "location0": "2024-05-18 23:11:02 +0000"
    },
    "done": true
  },
  "ironchest:recipes/ironchest/chests/gold_diamond_chest": {
    "criteria": {
      "has_diamonds": "2024-05-26 23:31:20 +0000"
    },
    "done": true
  },
  "minecraft:recipes/building_blocks/polished_basalt": {
    "criteria": {
      "has_basalt": "2024-05-18 22:58:08 +0000"
    },
    "done": true
  },
  "minecraft:recipes/building_blocks/oak_wood": {
    "criteria": {
      "has_log": "2024-05-26 22:55:43 +0000"
    },
    "done": true
  },
  "minecraft:story/root": {
    "criteria": {
      "crafting_table": "2024-05-26 22:36:37 +0000"
    },
    "done": true
  },
  "minecraft:recipes/building_blocks/smooth_quartz_stairs": {
    "criteria": {
      "has_smooth_quartz": "2024-05-26 23:20:38 +0000"
    },
    "done": true
  },
  "minecraft:recipes/redstone/stone_button": {
    "criteria": {
      "has_stone": "2024-05-18 23:21:29 +0000"
    },
    "done": true
  },
  "morevanillaarmor:recipes/morevanillaarmor/emerald_chestplate": {
    "criteria": {
      "already_crafted": "2024-05-18 22:40:51 +0000"
    },
    "done": true
  },
  "minecraft:recipes/combat/crossbow": {
    "criteria": {
      "has_stick": "2024-05-26 22:30:42 +0000"
    },
    "done": true
  },
  "minecraft:recipes/redstone/dropper": {
    "criteria": {
      "has_redstone": "2024-05-26 23:20:38 +0000"
    },
    "done": true
  },
  "minecraft:recipes/combat/iron_chestplate": {
    "criteria": {
      "has_iron_ingot": "2024-05-26 23:48:37 +0000"
    },
    "done": true
  },
  "minecraft:recipes/redstone/spruce_pressure_plate": {
    "criteria": {
      "has_planks": "2024-05-26 22:34:20 +0000"
    },
    "done": true
  },
  "minecraft:recipes/building_blocks/yellow_wool": {
    "criteria": {
      "has_white_wool": "2024-05-26 22:38:45 +0000"
    },
    "done": true
  },
  "minecraft:recipes/decorations/oak_sign": {
    "criteria": {
      "has_oak_planks": "2024-05-18 22:31:30 +0000"
    },
    "done": true
  },
  "minecraft:recipes/food/cooked_porkchop_from_smoking": {
    "criteria": {
      "has_porkchop": "2024-05-26 23:00:50 +0000"
    },
    "done": true
  },
  "minecraft:recipes/redstone/oak_trapdoor": {
    "criteria": {
      "has_planks": "2024-05-18 22:31:30 +0000"
    },
    "done": true
  },
  "comforts:rope_and_nail": {
    "criteria": {
      "has_iron": "2024-05-26 23:48:37 +0000"
    },
    "done": true
  },
  "morevanillaarmor:recipes/morevanillaarmor/fiery_leggings": {
    "criteria": {
      "already_crafted": "2024-05-18 22:40:56 +0000"
    },
    "done": true
  },
  "minecraft:recipes/building_blocks/warped_planks": {
    "criteria": {
      "has_logs": "2024-05-18 22:58:06 +0000"
    },
    "done": true
  },
  "chisel:recipes/chisel/futura/screen_cyan": {
    "criteria": {
      "has_redstone": "2024-05-26 23:20:38 +0000"
    },
    "done": true
  },
  "minecraft:recipes/decorations/light_blue_bed_from_white_bed": {
    "criteria": {
      "has_bed": "2024-05-18 23:58:03 +0000"
    },
    "done": true
  },
  "minecraft:recipes/building_blocks/red_concrete_powder": {
    "criteria": {
      "has_gravel": "2024-05-26 23:58:05 +0000"
    },
    "done": true
  },
  "minecraft:recipes/misc/iron_nugget_from_blasting": {
    "criteria": {
      "has_iron_chestplate": "2024-05-26 23:51:30 +0000"
    },
    "done": true
  },
  "ironchest:recipes/ironchest/upgrades/iron_to_gold_chest_upgrade": {
    "criteria": {
      "has_iron_ingot": "2024-05-26 23:48:37 +0000"
    },
    "done": true
  },
  "minecraft:recipes/combat/leather_chestplate": {
    "criteria": {
      "has_leather": "2024-05-26 22:58:23 +0000"
    },
    "done": true
  },
  "comforts:sleeping_bag_red_from_white": {
    "criteria": {
      "has_sleeping_bag": "2024-05-18 22:50:07 +0000"
    },
    "done": true
  },
  "minecraft:recipes/redstone/repeater": {
    "criteria": {
      "has_redstone_torch": "2024-05-26 23:20:38 +0000"
    },
    "done": true
  },
  "minecraft:recipes/tools/compass": {
    "criteria": {
      "has_redstone": "2024-05-26 23:20:38 +0000"
    },
    "done": true
  },
  "minecraft:adventure/kill_a_mob": {
    "criteria": {
      "minecraft:creeper": "2024-05-18 22:53:40 +0000"
    },
    "done": true
  },
  "minecraft:recipes/redstone/oak_button": {
    "criteria": {
      "has_planks": "2024-05-18 22:31:30 +0000"
    },
    "done": true
  },
  "minecraft:recipes/misc/iron_ingot": {
    "criteria": {
      "has_iron_ore": "2024-05-26 23:40:33 +0000"
    },
    "done": true
  },
  "comforts:sleeping_bag_magenta_from_white": {
    "criteria": {
      "has_sleeping_bag": "2024-05-18 22:50:07 +0000"
    },
    "done": true
  },
  "tombstone:recipes/from_grave_dust": {
    "criteria": {
      "has_ingredient": "2024-05-18 22:58:08 +0000"
    },
    "done": true
  },
  "minecraft:recipes/building_blocks/stone": {
    "criteria": {
      "has_cobblestone": "2024-05-26 22:40:27 +0000"
    },
    "done": true
  },
  "minecraft:recipes/decorations/stonecutter": {
    "criteria": {
      "has_stone": "2024-05-18 23:21:29 +0000"
    },
    "done": true
  },
  "minecraft:recipes/food/cooked_beef": {
    "criteria": {
      "has_beef": "2024-05-26 22:58:24 +0000"
    },
    "done": true
  },
  "minecraft:recipes/building_blocks/smooth_quartz_stairs_from_smooth_quartz_stonecutting": {
    "criteria": {
      "has_smooth_quartz": "2024-05-26 23:20:38 +0000"
    },
    "done": true
  },
  "minecraft:adventure/adventuring_time": {
    "criteria": {
      "minecraft:jungle_edge": "2024-05-18 23:52:01 +0000",
      "minecraft:snowy_mountains": "2024-05-18 23:17:41 +0000",
      "minecraft:mountains": "2024-05-18 22:27:06 +0000",
      "minecraft:forest": "2024-05-18 23:50:38 +0000",
      "minecraft:taiga": "2024-05-18 20:52:41 +0000",
      "minecraft:giant_tree_taiga": "2024-05-18 22:28:38 +0000",
      "minecraft:snowy_tundra": "2024-05-18 23:17:21 +0000",
      "minecraft:taiga_hills": "2024-05-18 20:55:06 +0000",
      "minecraft:desert": "2024-05-18 23:52:44 +0000",
      "minecraft:frozen_river": "2024-05-18 23:19:46 +0000",
      "minecraft:jungle": "2024-05-18 23:52:02 +0000",
      "minecraft:jungle_hills": "2024-05-18 23:52:39 +0000",
      "minecraft:badlands": "2024-05-18 23:52:49 +0000",
      "minecraft:beach": "2024-05-18 23:50:40 +0000",
      "minecraft:dark_forest": "2024-05-18 23:53:35 +0000",
      "minecraft:river": "2024-05-18 20:55:05 +0000",
      "minecraft:wooded_mountains": "2024-05-26 22:49:48 +0000",
      "minecraft:stone_shore": "2024-05-18 23:51:37 +0000",
      "minecraft:giant_tree_taiga_hills": "2024-05-26 22:31:06 +0000",
      "minecraft:wooded_badlands_plateau": "2024-05-18 23:52:51 +0000",
      "minecraft:plains": "2024-05-18 23:25:47 +0000"
    },
    "done": false
  },
  "minecraft:recipes/redstone/iron_door": {
    "criteria": {
      "has_iron_ingot": "2024-05-26 23:48:37 +0000"
    },
    "done": true
  },
  "ironchest:recipes/ironchest/chests/vanilla_iron_chest": {
    "criteria": {
      "has_iron_ingot": "2024-05-26 23:48:37 +0000"
    },
    "done": true
  },
  "minecraft:recipes/decorations/purple_bed_from_white_bed": {
    "criteria": {
      "has_bed": "2024-05-18 23:58:03 +0000"
    },
    "done": true
  },
  "comforts:sleeping_bag_gray_from_white": {
    "criteria": {
      "has_the_recipe": "2024-05-18 22:50:07 +0000",
      "has_sleeping_bag": "2024-05-18 22:50:07 +0000"
    },
    "done": true
  },
  "minecraft:recipes/decorations/composter": {
    "criteria": {
      "has_wood_slab": "2024-05-26 23:31:51 +0000"
    },
    "done": true
  },
  "tombstone:adventure/find_easter_egg": {
    "criteria": {
      "coded_trigger": "2024-05-18 22:13:47 +0000"
    },
    "done": true
  },
  "minecraft:recipes/combat/stone_sword": {
    "criteria": {
      "has_cobblestone": "2024-05-26 22:40:27 +0000"
    },
    "done": true
  },
  "minecraft:recipes/decorations/barrel": {
    "criteria": {
      "has_planks": "2024-05-18 22:31:30 +0000"
    },
    "done": true
  },
  "minecraft:recipes/decorations/cobblestone_wall": {
    "criteria": {
      "has_cobblestone": "2024-05-26 22:40:27 +0000"
    },
    "done": true
  },
  "minecraft:recipes/tools/stone_pickaxe": {
    "criteria": {
      "has_cobblestone": "2024-05-26 22:40:27 +0000"
    },
    "done": true
  },
  "minecraft:recipes/decorations/smithing_table": {
    "criteria": {
      "has_iron_ingot": "2024-05-26 23:48:37 +0000"
    },
    "done": true
  },
  "tombstone:adventure/easy_opening": {
    "criteria": {
      "coded_trigger": "2024-05-26 22:30:39 +0000"
    },
    "done": true
  },
  "minecraft:recipes/redstone/oak_door": {
    "criteria": {
      "has_planks": "2024-05-18 22:31:30 +0000"
    },
    "done": true
  },
  "minecraft:recipes/redstone/stone_pressure_plate": {
    "criteria": {
      "has_stone": "2024-05-18 23:21:29 +0000"
    },
    "done": true
  },
  "minecraft:recipes/combat/leather_boots": {
    "criteria": {
      "has_leather": "2024-05-26 22:58:23 +0000"
    },
    "done": true
  },
  "minecraft:recipes/transportation/jungle_boat": {
    "criteria": {
      "in_water": "2024-05-18 22:31:17 +0000"
    },
    "done": true
  },
  "comforts:sleeping_bag_pink_from_white": {
    "criteria": {
      "has_sleeping_bag": "2024-05-18 22:50:07 +0000"
    },
    "done": true
  },
  "minecraft:recipes/decorations/cobblestone_wall_from_cobblestone_stonecutting": {
    "criteria": {
      "has_cobblestone": "2024-05-26 22:40:27 +0000"
    },
    "done": true
  },
  "minecraft:adventure/shoot_arrow": {
    "criteria": {
      "shot_arrow": "2024-05-26 23:20:10 +0000"
    },
    "done": true
  },
  "minecraft:recipes/decorations/stone_brick_walls_from_stone_stonecutting": {
    "criteria": {
      "has_stone": "2024-05-18 23:21:29 +0000"
    },
    "done": true
  },
  "ironchest:recipes/ironchest/upgrades/wood_to_iron_chest_upgrade": {
    "criteria": {
      "has_iron_ingot": "2024-05-26 23:48:37 +0000"
    },
    "done": true
  },
  "comforts:sleeping_bag_yellow_from_white": {
    "criteria": {
      "has_sleeping_bag": "2024-05-18 22:50:07 +0000"
    },
    "done": true
  },
  "minecraft:recipes/building_blocks/diamond_block": {
    "criteria": {
      "has_diamond": "2024-05-26 23:31:20 +0000"
    },
    "done": true
  },
  "minecraft:recipes/redstone/heavy_weighted_pressure_plate": {
    "criteria": {
      "has_iron_ingot": "2024-05-26 23:48:37 +0000"
    },
    "done": true
  },
  "minecraft:recipes/transportation/dark_oak_boat": {
    "criteria": {
      "in_water": "2024-05-18 22:31:17 +0000"
    },
    "done": true
  },
  "minecraft:recipes/building_blocks/pink_wool": {
    "criteria": {
      "has_white_wool": "2024-05-26 22:38:45 +0000"
    },
    "done": true
  },
  "minecraft:recipes/decorations/brown_bed_from_white_bed": {
    "criteria": {
      "has_bed": "2024-05-18 23:58:03 +0000"
    },
    "done": true
  },
  "dungeons_arise:wda_root": {
    "criteria": {
      "WDA": "2024-05-18 20:52:41 +0000"
    },
    "done": true
  },
  "morevanillaarmor:recipes/morevanillaarmor/lapis_helmet": {
    "criteria": {
      "already_crafted": "2024-05-18 22:40:58 +0000"
    },
    "done": true
  },
  "minecraft:recipes/transportation/warped_fungus_on_a_stick": {
    "criteria": {
      "has_warped_fungus": "2024-05-18 22:58:06 +0000"
    },
    "done": true
  },
  "minecraft:recipes/misc/mojang_banner_pattern": {
    "criteria": {
      "has_enchanted_golden_apple": "2024-05-18 22:57:19 +0000"
    },
    "done": true
  },
  "minecraft:recipes/redstone/piston": {
    "criteria": {
      "has_redstone": "2024-05-26 23:20:38 +0000"
    },
    "done": true
  },
  "minecraft:recipes/decorations/lantern": {
    "criteria": {
      "has_iron_ingot": "2024-05-26 23:48:37 +0000"
    },
    "done": true
  },
  "minecraft:recipes/building_blocks/stone_stairs": {
    "criteria": {
      "has_stone": "2024-05-18 23:21:29 +0000"
    },
    "done": true
  },
  "minecraft:recipes/redstone/spruce_trapdoor": {
    "criteria": {
      "has_planks": "2024-05-26 22:34:20 +0000"
    },
    "done": true
  },
  "comforts:sleeping_bag_cyan_from_white": {
    "criteria": {
      "has_the_recipe": "2024-05-18 22:50:07 +0000",
      "has_sleeping_bag": "2024-05-18 22:50:07 +0000"
    },
    "done": true
  },
  "morevanillaarmor:recipes/morevanillaarmor/nether_leggings": {
    "criteria": {
      "already_crafted": "2024-05-18 22:41:02 +0000"
    },
    "done": true
  },
  "minecraft:recipes/food/cooked_beef_from_campfire_cooking": {
    "criteria": {
      "has_beef": "2024-05-26 22:58:24 +0000"
    },
    "done": true
  },
  "morevanillaarmor:recipes/morevanillaarmor/ender_chestplate": {
    "criteria": {
      "already_crafted": "2024-05-18 22:40:53 +0000"
    },
    "done": true
  },
  "minecraft:recipes/combat/diamond_boots": {
    "criteria": {
      "has_diamond": "2024-05-26 23:31:20 +0000"
    },
    "done": true
  },
  "minecraft:recipes/building_blocks/light_gray_wool": {
    "criteria": {
      "has_white_wool": "2024-05-26 22:38:45 +0000"
    },
    "done": true
  },
  "minecraft:recipes/decorations/red_bed_from_white_bed": {
    "criteria": {
      "has_bed": "2024-05-18 23:58:03 +0000"
    },
    "done": true
  },
  "minecraft:recipes/food/cooked_chicken": {
    "criteria": {
      "has_chicken": "2024-05-26 23:40:19 +0000"
    },
    "done": true
  },
  "minecraft:recipes/building_blocks/red_wool": {
    "criteria": {
      "has_white_wool": "2024-05-26 22:38:45 +0000"
    },
    "done": true
  },
  "minecraft:recipes/decorations/soul_campfire": {
    "criteria": {
      "has_soul_sand": "2024-05-18 22:33:45 +0000"
    },
    "done": true
  },
  "minecraft:story/smelt_iron": {
    "criteria": {
      "iron": "2024-05-26 23:48:37 +0000"
    },
    "done": true
  },
  "chisel:recipes/chisel/futura/uber_wavy": {
    "criteria": {
      "has_redstone": "2024-05-26 23:20:38 +0000"
    },
    "done": true
  },
  "morevanillaarmor:recipes/morevanillaarmor/coal_chestplate": {
    "criteria": {
      "already_crafted": "2024-05-18 22:40:49 +0000"
    },
    "done": true
  },
  "morevanillaarmor:recipes/morevanillaarmor/ender_boots": {
    "criteria": {
      "already_crafted": "2024-05-18 22:40:54 +0000"
    },
    "done": true
  },
  "minecraft:recipes/tools/stone_axe": {
    "criteria": {
      "has_cobblestone": "2024-05-26 22:40:27 +0000"
    },
    "done": true
  },
  "minecraft:recipes/food/cooked_mutton": {
    "criteria": {
      "has_mutton": "2024-05-26 22:38:45 +0000"
    },
    "done": true
  },
  "minecraft:recipes/decorations/soul_torch": {
    "criteria": {
      "has_soul_sand": "2024-05-18 22:33:45 +0000"
    },
    "done": true
  },
  "minecraft:recipes/decorations/light_gray_bed_from_white_bed": {
    "criteria": {
      "has_bed": "2024-05-18 23:58:03 +0000"
    },
    "done": true
  },
  "minecraft:recipes/building_blocks/bone_block": {
    "criteria": {
      "has_bonemeal": "2024-05-18 22:58:06 +0000"
    },
    "done": true
  },
  "DataVersion": 2586
}