{
  "dungeons_arise:wda_root": {
    "criteria": {
      "WDA": "2024-05-18 20:42:18 +0000"
    },
    "done": true
  },
  "tombstone:adventure/find_easter_egg": {
    "criteria": {
      "coded_trigger": "2024-05-18 20:44:38 +0000"
    },
    "done": true
  },
  "dungeons_arise:find_small_prairie_house": {
    "criteria": {
      "location0": "2024-05-18 20:46:51 +0000"
    },
    "done": true
  },
  "tombstone:adventure/root": {
    "criteria": {
      "auto": "2024-05-18 20:42:18 +0000"
    },
    "done": true
  },
  "dungeons_arise:find_abandoned_temple": {
    "criteria": {
      "location0": "2024-05-18 20:47:02 +0000"
    },
    "done": true
  },
  "minecraft:adventure/adventuring_time": {
    "criteria": {
      "minecraft:forest": "2024-05-18 20:46:55 +0000",
      "minecraft:mountains": "2024-05-18 20:46:01 +0000",
      "minecraft:taiga": "2024-05-18 20:42:18 +0000",
      "minecraft:river": "2024-05-18 20:46:34 +0000",
      "minecraft:plains": "2024-05-18 20:46:35 +0000"
    },
    "done": false
  },
  "DataVersion": 2586
}